Uuid,Void/Retire,Name,Concept Drug,Concept Dosage Form,Strength,_version:1,_order:3003
7b18ac97-2ade-547e-a605-30d42e96acd3,,"Acetazolamide Injection, 500 mg",70125AAAAAAAAAAAAAAAAAAAAAAAAAAAAAAA,1516AAAAAAAAAAAAAAAAAAAAAAAAAAAAAAAA,500 mg,,
e3466e6c-ee91-5dc6-ab60-78ac8e946e51,,"Acetazolamide Tablet, 250 mg",70125AAAAAAAAAAAAAAAAAAAAAAAAAAAAAAA,1513AAAAAAAAAAAAAAAAAAAAAAAAAAAAAAAA,250 mg,,
51d7b98b-9d3c-5a8b-859e-cbe44da7f4e1,,"Acetylsalicylic Acid Tablet, 75 mg (Dispersible)",71617AAAAAAAAAAAAAAAAAAAAAAAAAAAAAAA,1513AAAAAAAAAAAAAAAAAAAAAAAAAAAAAAAA,75 mg (Dispersible),,
d3d85cf0-b0cc-57a4-95c5-9d52b47718cc,,"Acetylcysteine Injection, 200 mg/mL",70148AAAAAAAAAAAAAAAAAAAAAAAAAAAAAAA,1516AAAAAAAAAAAAAAAAAAAAAAAAAAAAAAAA,200 mg/mL,,
25aa6e87-5aed-5fba-b82a-281729d9ee4a,,"Acetylsalicylic Acid Tablet, 300 mg",71617AAAAAAAAAAAAAAAAAAAAAAAAAAAAAAA,1513AAAAAAAAAAAAAAAAAAAAAAAAAAAAAAAA,300 mg,,
177fd7ae-6b84-5a91-a694-f87d068775e6,,"Acyclovir Cream, 5%",70245AAAAAAAAAAAAAAAAAAAAAAAAAAAAAAA,162413AAAAAAAAAAAAAAAAAAAAAAAAAAAAAA,5%,,
0a96e25c-85ff-52ef-b6dc-0b2432b47ae0,,"Acyclovir Eye Ointment, 3%",70245AAAAAAAAAAAAAAAAAAAAAAAAAAAAAAA,1520AAAAAAAAAAAAAAAAAAAAAAAAAAAAAAAA,3%,,
aab3ea74-82e1-51d7-b8ec-c75cd2404bee,,"Acyclovir Injection, 250 mg vial",70245AAAAAAAAAAAAAAAAAAAAAAAAAAAAAAA,1516AAAAAAAAAAAAAAAAAAAAAAAAAAAAAAAA,250 mg vial,,
b97a6ef0-9733-53e4-805a-17a6cca70fb7,,"Acyclovir Suspension, 200 mg/5 mL",70245AAAAAAAAAAAAAAAAAAAAAAAAAAAAAAA,162462AAAAAAAAAAAAAAAAAAAAAAAAAAAAAA,200 mg/5 mL,,
3eeda2c7-d7f5-5951-b26c-dcce3b0c4b63,,"Acyclovir Tablet, 200 mg",70245AAAAAAAAAAAAAAAAAAAAAAAAAAAAAAA,1513AAAAAAAAAAAAAAAAAAAAAAAAAAAAAAAA,200 mg,,
76ba3e8d-4c48-5e3d-89b9-5e56349cdf15,,"Activated Charcoal Powder, 50 g",70229AAAAAAAAAAAAAAAAAAAAAAAAAAAAAAA,162452AAAAAAAAAAAAAAAAAAAAAAAAAAAAAA,50 g,,
70088fa9-833e-501c-9907-663d28e4427c,,"Adrenaline Injection, 1 mg/1mL (1:1000)",75744AAAAAAAAAAAAAAAAAAAAAAAAAAAAAAA,1516AAAAAAAAAAAAAAAAAAAAAAAAAAAAAAAA,1 mg/1mL (1:1000),,
f1ee0e3f-e40e-57f4-9489-c610de5133d3,,"Adrenaline Injection, 1:10,000",75744AAAAAAAAAAAAAAAAAAAAAAAAAAAAAAA,1516AAAAAAAAAAAAAAAAAAAAAAAAAAAAAAAA,"1:10,000",,
6c3e1ca4-e518-5868-9390-753907593f57,,"Albendazole Syrup, 100 mg/5 mL",70439AAAAAAAAAAAAAAAAAAAAAAAAAAAAAAA,1515AAAAAAAAAAAAAAAAAAAAAAAAAAAAAAAA,100 mg/5 mL,,
c51d1dd7-ffd7-5373-8620-57cd1612589e,,"Albendazole Tablet, 200 mg",70439AAAAAAAAAAAAAAAAAAAAAAAAAAAAAAA,1513AAAAAAAAAAAAAAAAAAAAAAAAAAAAAAAA,200 mg,,
e94035c3-9a5a-5764-b0b2-6bdbb1d61f67,,"Albendazole Tablet, 400 mg",70439AAAAAAAAAAAAAAAAAAAAAAAAAAAAAAA,1513AAAAAAAAAAAAAAAAAAAAAAAAAAAAAAAA,400 mg,,
7be31f51-76a2-5461-b260-c20e7101bbc5,,"Allopurinol Tablet, 100 mg",70878AAAAAAAAAAAAAAAAAAAAAAAAAAAAAAA,1513AAAAAAAAAAAAAAAAAAAAAAAAAAAAAAAA,100 mg,,
e9ac73fd-f5a8-5bb4-88bc-5689b62b935d,,"Allopurinol Tablet, 300 mg",70878AAAAAAAAAAAAAAAAAAAAAAAAAAAAAAA,1513AAAAAAAAAAAAAAAAAAAAAAAAAAAAAAAA,300 mg,,
c88b2b24-f86c-54a7-86c2-a64159fe94f1,,"Aminophylline Injection, 250 mg/10 mL",71101AAAAAAAAAAAAAAAAAAAAAAAAAAAAAAA,1516AAAAAAAAAAAAAAAAAAAAAAAAAAAAAAAA,250 mg/10 mL,,
b3470a8b-9b68-583f-afc3-eacee18bc901,,"Amitriptyline Tablet, 10 mg",931AAAAAAAAAAAAAAAAAAAAAAAAAAAAAAAAA,1513AAAAAAAAAAAAAAAAAAAAAAAAAAAAAAAA,10 mg,,
8eddbd5d-988d-5c36-973c-f3ad828e0f9a,,"Amitriptyline Tablet, 25 mg",931AAAAAAAAAAAAAAAAAAAAAAAAAAAAAAAAA,1513AAAAAAAAAAAAAAAAAAAAAAAAAAAAAAAA,25 mg,,
5e4eede8-671a-5df9-b1bc-5003243b1d1f,,"Amitriptyline Tablet, 50 mg",931AAAAAAAAAAAAAAAAAAAAAAAAAAAAAAAAA,1513AAAAAAAAAAAAAAAAAAAAAAAAAAAAAAAA,50 mg,,
7ac9f7b4-a3e0-5739-b0bb-2e8cefb5113b,,"Amlodipine Tablet, 5 mg",71137AAAAAAAAAAAAAAAAAAAAAAAAAAAAAAA,1513AAAAAAAAAAAAAAAAAAAAAAAAAAAAAAAA,5 mg,,
c68fd0dc-71c1-5546-b90d-9eafcde9e794,,"Amlodipine Tablet, 10 mg",71137AAAAAAAAAAAAAAAAAAAAAAAAAAAAAAA,1513AAAAAAAAAAAAAAAAAAAAAAAAAAAAAAAA,10 mg,,
6f2a9a8f-5aa2-5940-be7b-d92c60f51f48,,"Amodiaquine + Artesunate Powder, 75 mg + 25 mg",161182AAAAAAAAAAAAAAAAAAAAAAAAAAAAAA,162452AAAAAAAAAAAAAAAAAAAAAAAAAAAAAA,75 mg + 25 mg,,
40b73f9a-ac63-5a6e-9d41-e92da4586429,,"Amodiaquine + Artesunate Powder, 150 mg + 50 mg",161182AAAAAAAAAAAAAAAAAAAAAAAAAAAAAA,162452AAAAAAAAAAAAAAAAAAAAAAAAAAAAAA,150 mg + 50 mg,,
65894230-aa66-54be-83ee-c312fa0d5797,,"Amodiaquine + Artesunate Tablet, 67.5 mg + 25 mg (6 tabs)",161182AAAAAAAAAAAAAAAAAAAAAAAAAAAAAA,1513AAAAAAAAAAAAAAAAAAAAAAAAAAAAAAAA,67.5 mg + 25 mg (6 tabs),,
a0c7fc0a-7576-5b69-93fc-81f12342f174,,"Amodiaquine + Artesunate Tablet, 135 mg + 50 mg (12 tabs)",161182AAAAAAAAAAAAAAAAAAAAAAAAAAAAAA,1513AAAAAAAAAAAAAAAAAAAAAAAAAAAAAAAA,135 mg + 50 mg (12 tabs),,
99879629-1a14-5666-a8c5-8cd8cc8d0d54,,"Amodiaquine + Artesunate Tablet, 67.5 mg + 25 mg (3's)",161182AAAAAAAAAAAAAAAAAAAAAAAAAAAAAA,1513AAAAAAAAAAAAAAAAAAAAAAAAAAAAAAAA,67.5 mg + 25 mg (3's),,
4bd6f7a8-29f0-5205-8a38-0d0be3f152d7,,"Amodiaquine + Artesunate Tablet, 135 mg + 50 mg (3's)",161182AAAAAAAAAAAAAAAAAAAAAAAAAAAAAA,1513AAAAAAAAAAAAAAAAAAAAAAAAAAAAAAAA,135 mg + 50 mg (3's),,
4f88659d-c59f-541d-bc97-231f4d3f5dc7,,"Amodiaquine + Artesunate Tablet, 270 mg + 100 mg (3's)",161182AAAAAAAAAAAAAAAAAAAAAAAAAAAAAA,1513AAAAAAAAAAAAAAAAAAAAAAAAAAAAAAAA,270 mg + 100 mg (3's),,
14e4711a-f7a7-5c14-85db-eea7e925b814,,"Amodiaquine + Artesunate Tablet, 270 mg + 100 mg (6's)",161182AAAAAAAAAAAAAAAAAAAAAAAAAAAAAA,1513AAAAAAAAAAAAAAAAAAAAAAAAAAAAAAAA,270 mg + 100 mg (6's),,
2bb9a6ad-8233-591e-b7ac-cdd28b0e8e5f,,"Amoxicillin Capsule, 250 mg",71160AAAAAAAAAAAAAAAAAAAAAAAAAAAAAAA,1608AAAAAAAAAAAAAAAAAAAAAAAAAAAAAAAA,250 mg,,
2a10899c-3b51-5899-ac81-5095bccc6a28,,"Amoxicillin Capsule, 500 mg",71160AAAAAAAAAAAAAAAAAAAAAAAAAAAAAAA,1608AAAAAAAAAAAAAAAAAAAAAAAAAAAAAAAA,500 mg,,
ffbe8dd7-a4b9-5437-917b-0bf3655d7c6a,,"Amoxicillin Dispersible Tablet, 250 mg",71160AAAAAAAAAAAAAAAAAAAAAAAAAAAAAAA,162415AAAAAAAAAAAAAAAAAAAAAAAAAAAAAA,250 mg,,
5e6f6925-f2c0-5fb4-8533-80bbd91443ab,,"Amoxicillin Suspension, 125 mg/5 mL",71160AAAAAAAAAAAAAAAAAAAAAAAAAAAAAAA,162462AAAAAAAAAAAAAAAAAAAAAAAAAAAAAA,125 mg/5 mL,,
937a3915-3417-555e-b8f7-14d8632b0d3f,,"Ampicillin Injection, 500 mg",71188AAAAAAAAAAAAAAAAAAAAAAAAAAAAAAA,1516AAAAAAAAAAAAAAAAAAAAAAAAAAAAAAAA,500 mg,,
996bb6e0-8f95-53ac-a3cd-9e24a6480452,,"Anti RH Immunoglobulin Injection, 1500IU /5ml",83322AAAAAAAAAAAAAAAAAAAAAAAAAAAAAAA,1516AAAAAAAAAAAAAAAAAAAAAAAAAAAAAAAA,1500IU /5ml,,
61de1000-ddd4-5642-b89f-46f3a26bcc40,,"Anti Tetanus Serum Injection, 1500 IU",84877AAAAAAAAAAAAAAAAAAAAAAAAAAAAAAA,1516AAAAAAAAAAAAAAAAAAAAAAAAAAAAAAAA,1500 IU,,
3b8100fd-52db-5d96-a92f-a4616b8b6880,,"Artemether Injection, 80mg/mL",71560AAAAAAAAAAAAAAAAAAAAAAAAAAAAAAA,1516AAAAAAAAAAAAAAAAAAAAAAAAAAAAAAAA,80mg/mL,,
0ca9512f-a378-5ad3-9838-07a59aa562fd,,"Artesunate Injection, 30 mg",71561AAAAAAAAAAAAAAAAAAAAAAAAAAAAAAA,1516AAAAAAAAAAAAAAAAAAAAAAAAAAAAAAAA,30 mg,,
287a0c11-9f25-50e6-a9b8-5c4e534ab882,,"Artesunate Injection, 60 mg",71561AAAAAAAAAAAAAAAAAAAAAAAAAAAAAAA,1516AAAAAAAAAAAAAAAAAAAAAAAAAAAAAAAA,60 mg,,
cc1f354c-dd35-5b74-bfd3-5542f4febd17,,"Artesunate Injection, 120mg",71561AAAAAAAAAAAAAAAAAAAAAAAAAAAAAAA,1516AAAAAAAAAAAAAAAAAAAAAAAAAAAAAAAA,120mg,,
20754660-10cc-5f77-805e-c03d52216a2a,,"Artesunate Suppository, 50 mg",71561AAAAAAAAAAAAAAAAAAAAAAAAAAAAAAA,162458AAAAAAAAAAAAAAAAAAAAAAAAAAAAAA,50 mg,,
0d09211c-a519-5710-bcb4-23da1af9c9be,,"Artesunate Suppository, 100mg",71561AAAAAAAAAAAAAAAAAAAAAAAAAAAAAAA,162458AAAAAAAAAAAAAAAAAAAAAAAAAAAAAA,100mg,,
a9e415a9-50db-5b54-9c5b-c312a6d75189,,"Artemether + Lumefantrine Dispersible Tablet, 20 mg + 120 mg",1447AAAAAAAAAAAAAAAAAAAAAAAAAAAAAAAA,162415AAAAAAAAAAAAAAAAAAAAAAAAAAAAAA,20 mg + 120 mg,,
0bc7f4bb-42fc-5715-a9e3-fee801f930c6,,"Artemether + Lumefantrine Suspension, (Powder For Reconstitution) 20 mg + 120 mg / 5 mL",1447AAAAAAAAAAAAAAAAAAAAAAAAAAAAAAAA,162462AAAAAAAAAAAAAAAAAAAAAAAAAAAAAA,(Powder For Reconstitution) 20 mg + 120 mg / 5 mL,,
9aeb72c3-d8d1-5937-a5c9-4d2b69f59793,,"Artemether + Lumefantrine Tablet, 20 mg + 120 mg (24’s)",1447AAAAAAAAAAAAAAAAAAAAAAAAAAAAAAAA,1513AAAAAAAAAAAAAAAAAAAAAAAAAAAAAAAA,20 mg + 120 mg (24’s),,
44396eb4-9369-592d-a7ad-67ded76f6ec8,,"Artemether + Lumefantrine Tablet, 20 mg + 120 mg (6's)",1447AAAAAAAAAAAAAAAAAAAAAAAAAAAAAAAA,1513AAAAAAAAAAAAAAAAAAAAAAAAAAAAAAAA,20 mg + 120 mg (6's),,
76af0f9b-1bad-5c74-a392-217012fac268,,"Artemether + Lumefantrine Tablet, 20 mg + 120 mg (12's)",1447AAAAAAAAAAAAAAAAAAAAAAAAAAAAAAAA,1513AAAAAAAAAAAAAAAAAAAAAAAAAAAAAAAA,20 mg + 120 mg (12's),,
d37c41be-3c14-5a12-8226-e929d9a4a604,,"Artemether + Lumefantrine Tablet, 20 mg + 120 mg (18's)",1447AAAAAAAAAAAAAAAAAAAAAAAAAAAAAAAA,1513AAAAAAAAAAAAAAAAAAAAAAAAAAAAAAAA,20 mg + 120 mg (18's),,
052ccde5-7b49-5708-ae23-6ba5ebb89944,,"Atenolol + Hydrochlorthiazide Tablet, 50 mg + 25 mg",161184AAAAAAAAAAAAAAAAAAAAAAAAAAAAAA,1513AAAAAAAAAAAAAAAAAAAAAAAAAAAAAAAA,50 mg + 25 mg,,
9932cfe1-ee72-578f-9a22-5c1d7ea03235,,"Atenolol + Hydrochlorthiazide Tablet, 100 mg + 25 mg",161184AAAAAAAAAAAAAAAAAAAAAAAAAAAAAA,1513AAAAAAAAAAAAAAAAAAAAAAAAAAAAAAAA,100 mg + 25 mg,,
4856e9af-aa97-5e25-966d-6fb20048cb7a,,"Atenolol Tablet, 25 mg",71652AAAAAAAAAAAAAAAAAAAAAAAAAAAAAAA,1513AAAAAAAAAAAAAAAAAAAAAAAAAAAAAAAA,25 mg,,
c0dafbd3-21a8-5e6b-a11f-e30644c3a2a2,,"Atenolol Tablet, 50 mg",71652AAAAAAAAAAAAAAAAAAAAAAAAAAAAAAA,1513AAAAAAAAAAAAAAAAAAAAAAAAAAAAAAAA,50 mg,,
e1698089-9df8-5f23-9b79-cfa0322c737c,,"Atenolol Tablet, 100 mg",71652AAAAAAAAAAAAAAAAAAAAAAAAAAAAAAA,1513AAAAAAAAAAAAAAAAAAAAAAAAAAAAAAAA,100 mg,,
d342adea-abd1-5cbe-b295-e61d99f122d6,,"Atorvastatin Tablet, 10 mg",71665AAAAAAAAAAAAAAAAAAAAAAAAAAAAAAA,1513AAAAAAAAAAAAAAAAAAAAAAAAAAAAAAAA,10 mg,,
01abbc1f-d752-5d20-aae4-f194695f042c,,"Atorvastatin Tablet, 20 mg",71665AAAAAAAAAAAAAAAAAAAAAAAAAAAAAAA,1513AAAAAAAAAAAAAAAAAAAAAAAAAAAAAAAA,20 mg,,
58473bdd-f174-5117-94e9-bfada100b8d3,,"Atropine Eye Drops, 1%",71681AAAAAAAAAAAAAAAAAAAAAAAAAAAAAAA,160054AAAAAAAAAAAAAAAAAAAAAAAAAAAAAA,1%,,
3c14bf73-c656-5651-acb3-58e519b692eb,,"Atropine Injection, 0.6 mg/mL",71681AAAAAAAAAAAAAAAAAAAAAAAAAAAAAAA,1516AAAAAAAAAAAAAAAAAAAAAAAAAAAAAAAA,0.6 mg/mL,,
c27e539f-c9bc-579d-a499-aa4964cdb616,,"Azithromycin Capsule, 250 mg",71780AAAAAAAAAAAAAAAAAAAAAAAAAAAAAAA,1608AAAAAAAAAAAAAAAAAAAAAAAAAAAAAAAA,250 mg,,
9718c4c6-2869-5efd-9e0f-66f6b64ddb51,,"Azithromycin Oral Suspension, 200 mg/5 mL/15mL",71780AAAAAAAAAAAAAAAAAAAAAAAAAAAAAAA,1940AAAAAAAAAAAAAAAAAAAAAAAAAAAAAAAA,200 mg/5 mL/15mL,,
dd4728d6-b8c4-58d6-b210-c369769df3fd,,"Azithromycin Oral Suspension, 200 mg/5 mL/30mL",71780AAAAAAAAAAAAAAAAAAAAAAAAAAAAAAA,1940AAAAAAAAAAAAAAAAAAAAAAAAAAAAAAAA,200 mg/5 mL/30mL,,
be5adcce-f9b5-53d6-bb15-82a2f6bf8248,,"Badoe's Solution, Injection, 1000 mL",161186AAAAAAAAAAAAAAAAAAAAAAAAAAAAAA,162461AAAAAAAAAAAAAAAAAAAAAAAAAAAAAA,"Injection, 1000 mL",,
fd447346-41ea-5cff-b9a3-4cd92aceba1c,,"Benzoic Acid + Salicylic Acid Ointment, 6% + 3%",103878AAAAAAAAAAAAAAAAAAAAAAAAAAAAAA,162776AAAAAAAAAAAAAAAAAAAAAAAAAAAAAA,6% + 3%,,
3a0ea253-0ae6-56fb-a9fe-969f5e2fdc06,,"Beclometasone dipropionate Inhaler, 50 microgram/metered dose (200 doses)",71917AAAAAAAAAAAAAAAAAAAAAAAAAAAAAAA,162423AAAAAAAAAAAAAAAAAAAAAAAAAAAAAA,50 microgram/metered dose (200 doses),,
32114263-691c-54e4-a540-f6cf98709319,,"Beclometasone dipropionate Inhaler, 100 microgram/metered dose (200 doses)",71917AAAAAAAAAAAAAAAAAAAAAAAAAAAAAAA,162423AAAAAAAAAAAAAAAAAAAAAAAAAAAAAA,100 microgram/metered dose (200 doses),,
ea832112-eb63-559d-ba63-bf88d2b9656a,,"Beclometasone dipropionate Inhaler, 200 microgram/metered dose (200 doses)",71917AAAAAAAAAAAAAAAAAAAAAAAAAAAAAAA,162423AAAAAAAAAAAAAAAAAAAAAAAAAAAAAA,200 microgram/metered dose (200 doses),,
d94b5c46-2929-5376-a33c-a2b6b341d060,,"Benzyl Benzoate Lotion, 25%",72075AAAAAAAAAAAAAAAAAAAAAAAAAAAAAAA,162427AAAAAAAAAAAAAAAAAAAAAAAAAAAAAA,25%,,
c90885a1-d584-5045-b8b6-93fb2f35b9e9,,"Bendroflumethiazide Tablet, 2.5 mg",71983AAAAAAAAAAAAAAAAAAAAAAAAAAAAAAA,1513AAAAAAAAAAAAAAAAAAAAAAAAAAAAAAAA,2.5 mg,,
c77415c2-7923-59b1-992f-8197684cab18,,"Benzoyl Peroxide Cream, 5%",72063AAAAAAAAAAAAAAAAAAAAAAAAAAAAAAA,162413AAAAAAAAAAAAAAAAAAAAAAAAAAAAAA,5%,,
34ce3cc9-4bc1-5d63-a48f-84b0664696d6,,"Benzoyl Peroxide Cream, 10%",72063AAAAAAAAAAAAAAAAAAAAAAAAAAAAAAA,162413AAAAAAAAAAAAAAAAAAAAAAAAAAAAAA,10%,,
af1ed7b3-c884-5570-ab10-cf24a3d88a16,,"Benzatropine Injection, 1 mg/mL",72071AAAAAAAAAAAAAAAAAAAAAAAAAAAAAAA,1516AAAAAAAAAAAAAAAAAAAAAAAAAAAAAAAA,1 mg/mL,,
e06f5131-530d-5051-b69d-eca8cc3d124b,,"Benzatropine Tablet, 2 mg",72071AAAAAAAAAAAAAAAAAAAAAAAAAAAAAAA,1513AAAAAAAAAAAAAAAAAAAAAAAAAAAAAAAA,2 mg,,
9060d9f7-1ba6-59f7-97a3-77e99d4bba44,,"Benzylpenicillin Injection, 1 MU",81725AAAAAAAAAAAAAAAAAAAAAAAAAAAAAAA,1516AAAAAAAAAAAAAAAAAAAAAAAAAAAAAAAA,1 MU,,
9d564f9b-3801-5ddf-a770-fe0bd6264fec,,"Benzylpenicillin Injection, 5 MU",81725AAAAAAAAAAAAAAAAAAAAAAAAAAAAAAA,1516AAAAAAAAAAAAAAAAAAAAAAAAAAAAAAAA,5 MU,,
7bf9724e-a73e-54f6-8309-3060cfaeb8dd,,"Betaxolol HCL Eye Drops, 0.5%",72139AAAAAAAAAAAAAAAAAAAAAAAAAAAAAAA,160054AAAAAAAAAAAAAAAAAAAAAAAAAAAAAA,0.5%,,
3a7ea916-8190-546f-a84f-f24e5e786e6b,,"Bisacodyl Tablet, 5 mg",72223AAAAAAAAAAAAAAAAAAAAAAAAAAAAAAA,1513AAAAAAAAAAAAAAAAAAAAAAAAAAAAAAAA,5 mg,,
78d379b2-e665-57d9-aa66-9f384bb82382,,"Bisoprolol Tablet, 5 mg",72247AAAAAAAAAAAAAAAAAAAAAAAAAAAAAAA,1513AAAAAAAAAAAAAAAAAAAAAAAAAAAAAAAA,5 mg,,
1b895145-4268-5217-bf11-9be42002a15d,,"Bisoprolol Tablet, 10 mg",72247AAAAAAAAAAAAAAAAAAAAAAAAAAAAAAA,1513AAAAAAAAAAAAAAAAAAAAAAAAAAAAAAAA,10 mg,,
f80a6c2b-158a-574e-9f22-37fc77d9ffe5,,"Budesonide Inhaler, 100 microgram (100 Doses)",72484AAAAAAAAAAAAAAAAAAAAAAAAAAAAAAA,162423AAAAAAAAAAAAAAAAAAAAAAAAAAAAAA,100 microgram (100 Doses),,
45c84ceb-39b4-54f1-83fc-352673b9cfe8,,"Budesonide Inhaler, 200 microgram (100 Doses)",72484AAAAAAAAAAAAAAAAAAAAAAAAAAAAAAA,162423AAAAAAAAAAAAAAAAAAAAAAAAAAAAAA,200 microgram (100 Doses),,
b46c9253-b3ce-577f-9ec4-1637b22ec12c,,"Budesonide + Formoterol Inhaler, 80 microgram/4.5 microgram (60 Doses)",103955AAAAAAAAAAAAAAAAAAAAAAAAAAAAAA,162423AAAAAAAAAAAAAAAAAAAAAAAAAAAAAA,80 microgram/4.5 microgram (60 Doses),,
71fc7f9f-77b1-509a-8589-b7d3d6f8f262,,"Budesonide + Formoterol Inhaler, 160 microgram/4.5 microgram (60 Doses)",103955AAAAAAAAAAAAAAAAAAAAAAAAAAAAAA,162423AAAAAAAAAAAAAAAAAAAAAAAAAAAAAA,160 microgram/4.5 microgram (60 Doses),,
ae5d265b-438d-5263-a26f-bad8ff33fb9b,,"Calamine Cream, 15%",72621AAAAAAAAAAAAAAAAAAAAAAAAAAAAAAA,162413AAAAAAAAAAAAAAAAAAAAAAAAAAAAAA,15%,,
6129bd90-d203-5342-968b-268777cf40db,,"Calamine Lotion, 15%",72621AAAAAAAAAAAAAAAAAAAAAAAAAAAAAAA,162427AAAAAAAAAAAAAAAAAAAAAAAAAAAAAA,15%,,
c67dfbbd-af26-5296-9678-fca8624afdb9,,"Calcium Carbonate Tablet, 500 mg",72660AAAAAAAAAAAAAAAAAAAAAAAAAAAAAAA,1513AAAAAAAAAAAAAAAAAAAAAAAAAAAAAAAA,500 mg,,
8500d04b-0b1e-535b-b8c5-ba8b2d0c2ab2,,"Calcium Gluconate Injection, 100 mg/mL in 10 mL",72678AAAAAAAAAAAAAAAAAAAAAAAAAAAAAAA,1516AAAAAAAAAAAAAAAAAAAAAAAAAAAAAAAA,100 mg/mL in 10 mL,,
bfd74a3b-2c5b-51e8-940a-4910a4b39b18,,"Calcium with Vitamin D Tablet, (97 mg + 10 microgram)",104053AAAAAAAAAAAAAAAAAAAAAAAAAAAAAA,1513AAAAAAAAAAAAAAAAAAAAAAAAAAAAAAAA,(97 mg + 10 microgram),,
cf281bc8-e6dd-5784-9feb-cd4387fd18f3,,"Carbamazepine Tablet, 100 mg",72822AAAAAAAAAAAAAAAAAAAAAAAAAAAAAAA,1513AAAAAAAAAAAAAAAAAAAAAAAAAAAAAAAA,100 mg,,
2f0a64af-4755-5aab-98e3-062dc3a948e3,,"Carbamazepine Tablet, 200 mg",72822AAAAAAAAAAAAAAAAAAAAAAAAAAAAAAA,1513AAAAAAAAAAAAAAAAAAAAAAAAAAAAAAAA,200 mg,,
61485b92-4579-5e14-a259-c9b8472a887a,,"Carbamazepine Sustained-Release Tablet, 200 mg",72822AAAAAAAAAAAAAAAAAAAAAAAAAAAAAAA,1513AAAAAAAAAAAAAAAAAAAAAAAAAAAAAAAA,200 mg,,
496d4389-159b-5af3-9c5e-5e2d3580289c,,"Carbamazepine Sustained-Release Tablet, 400 mg",72822AAAAAAAAAAAAAAAAAAAAAAAAAAAAAAA,1513AAAAAAAAAAAAAAAAAAAAAAAAAAAAAAAA,400 mg,,
c9b82cd7-d956-5a28-b897-7f7374aadc5a,,"Carbimazole Tablet, 5 mg",72848AAAAAAAAAAAAAAAAAAAAAAAAAAAAAAA,1513AAAAAAAAAAAAAAAAAAAAAAAAAAAAAAAA,5 mg,,
d5f098db-376f-5930-a2cc-afdaaec5aac5,,"Carbimazole Tablet, 20 mg",72848AAAAAAAAAAAAAAAAAAAAAAAAAAAAAAA,1513AAAAAAAAAAAAAAAAAAAAAAAAAAAAAAAA,20 mg,,
b38abdd7-e292-556f-9d39-cdd5c972a424,,"Carbocisteine Paediatric Syrup, 125 mg/5 mL",72861AAAAAAAAAAAAAAAAAAAAAAAAAAAAAAA,1515AAAAAAAAAAAAAAAAAAAAAAAAAAAAAAAA,125 mg/5 mL,,
678316aa-032f-5f7b-bad6-74b538662941,,"Carbocisteine Syrup, 250 mg/5 mL",72861AAAAAAAAAAAAAAAAAAAAAAAAAAAAAAA,1515AAAAAAAAAAAAAAAAAAAAAAAAAAAAAAAA,250 mg/5 mL,,
50ba5d71-64c7-5ddc-8ae0-882338751cd1,,"Cefaclor Capsule, 250 mg",72987AAAAAAAAAAAAAAAAAAAAAAAAAAAAAAA,1608AAAAAAAAAAAAAAAAAAAAAAAAAAAAAAAA,250 mg,,
af3f849c-9623-5ad4-8f97-102c3dd53132,,"Cefaclor Capsule, 500 mg",72987AAAAAAAAAAAAAAAAAAAAAAAAAAAAAAA,1608AAAAAAAAAAAAAAAAAAAAAAAAAAAAAAAA,500 mg,,
2f2286dd-c2bd-511d-bdab-b4da90daecfb,,"Cefaclor Suspension, 125 mg/5 mL",72987AAAAAAAAAAAAAAAAAAAAAAAAAAAAAAA,162462AAAAAAAAAAAAAAAAAAAAAAAAAAAAAA,125 mg/5 mL,,
fe8ba9d7-c220-5b74-8e3a-bd006ea63df7,,"Cefaclor Suspension, 250 mg/5 mL",72987AAAAAAAAAAAAAAAAAAAAAAAAAAAAAAA,162462AAAAAAAAAAAAAAAAAAAAAAAAAAAAAA,250 mg/5 mL,,
c05da63a-fed3-543f-a14f-50b7c6dd5ae5,,"Cefotaxime Injection, 500 mg",73018AAAAAAAAAAAAAAAAAAAAAAAAAAAAAAA,1516AAAAAAAAAAAAAAAAAAAAAAAAAAAAAAAA,500 mg,,
f9fb5c94-ec58-536c-b270-02c0199befb6,,"Cefotaxime Injection, 1 g",73018AAAAAAAAAAAAAAAAAAAAAAAAAAAAAAA,1516AAAAAAAAAAAAAAAAAAAAAAAAAAAAAAAA,1 g,,
a8e3d086-30ee-52f5-9742-713d52e62e62,,"Ceftriazone Injection, 500 mg",73041AAAAAAAAAAAAAAAAAAAAAAAAAAAAAAA,1516AAAAAAAAAAAAAAAAAAAAAAAAAAAAAAAA,500 mg,,
12e721e7-7b56-5450-be2b-b434f36595a7,,"Ceftriazone Injection, 1g",73041AAAAAAAAAAAAAAAAAAAAAAAAAAAAAAA,1516AAAAAAAAAAAAAAAAAAAAAAAAAAAAAAAA,1g,,
e37e4530-7b65-50ef-a351-5c28f1584894,,"Cefuroxime Injection, 750 mg",73043AAAAAAAAAAAAAAAAAAAAAAAAAAAAAAA,1516AAAAAAAAAAAAAAAAAAAAAAAAAAAAAAAA,750 mg,,
c8129e8c-c006-5e16-bc58-686c5e6f657b,,"Cefuroxime Injection, 1.5 g",73043AAAAAAAAAAAAAAAAAAAAAAAAAAAAAAA,1516AAAAAAAAAAAAAAAAAAAAAAAAAAAAAAAA,1.5 g,,
24d62904-9f2d-5610-a1de-940f2ba7789f,,"Cefuroxime Suspension, 125 mg/5 mL",73043AAAAAAAAAAAAAAAAAAAAAAAAAAAAAAA,162462AAAAAAAAAAAAAAAAAAAAAAAAAAAAAA,125 mg/5 mL,,
70143de1-8cd4-56a9-bc1e-eaf602dfa45b,,"Cefuroxime Tablet, 125 mg",73043AAAAAAAAAAAAAAAAAAAAAAAAAAAAAAA,1513AAAAAAAAAAAAAAAAAAAAAAAAAAAAAAAA,125 mg,,
59fdaaa2-feb4-5f09-85c7-0245c692a34e,,"Cefuroxime Tablet, 250 mg",73043AAAAAAAAAAAAAAAAAAAAAAAAAAAAAAA,1513AAAAAAAAAAAAAAAAAAAAAAAAAAAAAAAA,250 mg,,
54d2532a-eb80-59a9-b582-713a8c2c55f2,,"Celecoxib Tablet, 100 mg",73048AAAAAAAAAAAAAAAAAAAAAAAAAAAAAAA,1513AAAAAAAAAAAAAAAAAAAAAAAAAAAAAAAA,100 mg,,
00c40671-6e52-5eb1-a800-8882bbab172b,,"Celecoxib Tablet, 200 mg",73048AAAAAAAAAAAAAAAAAAAAAAAAAAAAAAA,1513AAAAAAAAAAAAAAAAAAAAAAAAAAAAAAAA,200 mg,,
080f2074-065c-520c-a24a-f0eef5e01399,,"Cetirizine Syrup, 5 mg/5 mL",73136AAAAAAAAAAAAAAAAAAAAAAAAAAAAAAA,1515AAAAAAAAAAAAAAAAAAAAAAAAAAAAAAAA,5 mg/5 mL,,
5bc38664-0d1f-5b73-8aeb-903a1574cb4f,,"Cetirizine Tablet, 10 mg",73136AAAAAAAAAAAAAAAAAAAAAAAAAAAAAAA,1513AAAAAAAAAAAAAAAAAAAAAAAAAAAAAAAA,10 mg,,
c5730ccb-0019-585c-bf7b-b1b8ab7a5527,,Cetrimide Solution,73138AAAAAAAAAAAAAAAAAAAAAAAAAAAAAAA,162461AAAAAAAAAAAAAAAAAAAAAAAAAAAAAA,,,
1740269b-5d7a-54f4-a3d2-94420d5586ae,,"Chloramphenicol Ear Drops, 5%",73239AAAAAAAAAAAAAAAAAAAAAAAAAAAAAAA,162445AAAAAAAAAAAAAAAAAAAAAAAAAAAAAA,5%,,
7d4106bd-fcea-55ca-a9ac-6e2449bc8e64,,"Chloramphenicol Eye Ointment, 1%",73239AAAAAAAAAAAAAAAAAAAAAAAAAAAAAAA,1520AAAAAAAAAAAAAAAAAAAAAAAAAAAAAAAA,1%,,
f2b78866-cc56-55de-9479-3bfa4ed481ae,,"Chloramphenicol Eye Drops, 0.5%",73239AAAAAAAAAAAAAAAAAAAAAAAAAAAAAAA,160054AAAAAAAAAAAAAAAAAAAAAAAAAAAAAA,0.5%,,
da2923d4-fdce-5dfb-bc83-191ba9e269d6,,"Chloramphenicol Injection, 1 g",73239AAAAAAAAAAAAAAAAAAAAAAAAAAAAAAA,1516AAAAAAAAAAAAAAAAAAAAAAAAAAAAAAAA,1 g,,
a06a5d44-6ba0-58fb-a509-542dcab6c0e7,,"Chloramphenicol Suspension, 125mg/5mL",73239AAAAAAAAAAAAAAAAAAAAAAAAAAAAAAA,162462AAAAAAAAAAAAAAAAAAAAAAAAAAAAAA,125mg/5mL,,
29247bc6-c6f9-5558-8424-494c89842674,,"Chlorhexidine Cream, 1%",73263AAAAAAAAAAAAAAAAAAAAAAAAAAAAAAA,162413AAAAAAAAAAAAAAAAAAAAAAAAAAAAAA,1%,,
f0c75a62-b4c9-5dc0-9630-34128a21047f,,"Chlorhexidine Gel, 7.1 % ( digluconate ) delivering 4% chlorhexidine",73263AAAAAAAAAAAAAAAAAAAAAAAAAAAAAAA,162420AAAAAAAAAAAAAAAAAAAAAAAAAAAAAA,7.1 % ( digluconate ) delivering 4% chlorhexidine,,
0cc906aa-3f36-5889-a4ba-a59631ac8bf2,,"Chlorhexidine Mouth Wash, 0.12%",73263AAAAAAAAAAAAAAAAAAAAAAAAAAAAAAA,162768AAAAAAAAAAAAAAAAAAAAAAAAAAAAAA,0.12%,,
dce409d5-8354-5f55-afe1-b65976821219,,"Chlorhexidine Solution, 2.5%",73263AAAAAAAAAAAAAAAAAAAAAAAAAAAAAAA,162461AAAAAAAAAAAAAAAAAAAAAAAAAAAAAA,2.5%,,
cb66193f-49aa-5708-b57a-dd372f4e7f9b,,"Chlorphenamine Syrup, 2 mg/5 mL",913AAAAAAAAAAAAAAAAAAAAAAAAAAAAAAAAA,1515AAAAAAAAAAAAAAAAAAAAAAAAAAAAAAAA,2 mg/5 mL,,
226e20e3-5393-5507-a6c6-ff179c6cf08c,,"Chlorphenamine Tablet, 4 mg",913AAAAAAAAAAAAAAAAAAAAAAAAAAAAAAAAA,1513AAAAAAAAAAAAAAAAAAAAAAAAAAAAAAAA,4 mg,,
80d79ed8-1804-550e-8871-b8d56f510f97,,"Chlorpromazine Injection, 25 mg/mL in 2 mL",73330AAAAAAAAAAAAAAAAAAAAAAAAAAAAAAA,1516AAAAAAAAAAAAAAAAAAAAAAAAAAAAAAAA,25 mg/mL in 2 mL,,
aa68908e-6d1b-5d05-94d2-7c9d1d048a26,,"Chlorpromazine Tablet, 25 mg",73330AAAAAAAAAAAAAAAAAAAAAAAAAAAAAAA,1513AAAAAAAAAAAAAAAAAAAAAAAAAAAAAAAA,25 mg,,
61a83e0e-cae1-531f-abdb-2f7e88bcb8a9,,"Chlorpromazine Tablet, 50 mg",73330AAAAAAAAAAAAAAAAAAAAAAAAAAAAAAA,1513AAAAAAAAAAAAAAAAAAAAAAAAAAAAAAAA,50 mg,,
5c96af13-a6fe-509d-b4c9-f8417ef3da95,,"Chlorpromazine Tablet, 100 mg",73330AAAAAAAAAAAAAAAAAAAAAAAAAAAAAAA,1513AAAAAAAAAAAAAAAAAAAAAAAAAAAAAAAA,100 mg,,
5f3a0423-96cc-54ae-a9d1-29ee405a8085,,"Ciprofloxacin Eye Drops, 0.3%",73449AAAAAAAAAAAAAAAAAAAAAAAAAAAAAAA,160054AAAAAAAAAAAAAAAAAAAAAAAAAAAAAA,0.3%,,
ad107d71-bd2d-53c7-b429-b6927b9361f0,,"Ciprofloxacin Infusion, 2 mg/mL in 100 mL",73449AAAAAAAAAAAAAAAAAAAAAAAAAAAAAAA,1516AAAAAAAAAAAAAAAAAAAAAAAAAAAAAAAA,2 mg/mL in 100 mL,,
bd26615b-4729-5094-8a32-90714dd1386d,,"Ciprofloxacin Tablet, 250 mg",73449AAAAAAAAAAAAAAAAAAAAAAAAAAAAAAA,1513AAAAAAAAAAAAAAAAAAAAAAAAAAAAAAAA,250 mg,,
2e33d0e1-544e-5d28-8e99-c76b4cf50323,,"Ciprofloxacin Tablet, 500 mg",73449AAAAAAAAAAAAAAAAAAAAAAAAAAAAAAA,1513AAAAAAAAAAAAAAAAAAAAAAAAAAAAAAAA,500 mg,,
d9d0875e-526d-587b-9cac-38a2df714aff,,"Clarithromycin Capsule, 250 mg",73498AAAAAAAAAAAAAAAAAAAAAAAAAAAAAAA,1608AAAAAAAAAAAAAAAAAAAAAAAAAAAAAAAA,250 mg,,
9c154cae-0d84-51f3-ac82-7b435bf6dc17,,"Clarithromycin Capsule, 500 mg",73498AAAAAAAAAAAAAAAAAAAAAAAAAAAAAAA,1608AAAAAAAAAAAAAAAAAAAAAAAAAAAAAAAA,500 mg,,
264ff134-2331-5864-8652-65319eabdb89,,"Clarithromycin Paediatric Suspension, 125 mg/5 mL",73498AAAAAAAAAAAAAAAAAAAAAAAAAAAAAAA,162462AAAAAAAAAAAAAAAAAAAAAAAAAAAAAA,125 mg/5 mL,,
78863f68-2c61-51cf-8240-da427b9439af,,"Clindamycin Capsule, 150 mg",73546AAAAAAAAAAAAAAAAAAAAAAAAAAAAAAA,1608AAAAAAAAAAAAAAAAAAAAAAAAAAAAAAAA,150 mg,,
f001f301-20db-5b88-93ae-8ed0406e6dfb,,"Clindamycin Injection, 150 mg/mL in 2 mL",73546AAAAAAAAAAAAAAAAAAAAAAAAAAAAAAA,1516AAAAAAAAAAAAAAAAAAAAAAAAAAAAAAAA,150 mg/mL in 2 mL,,
2e2605f0-a116-5e45-8ee0-ad7fccd9790a,,"Clindamycin Topical Solution, 1%",73546AAAAAAAAAAAAAAAAAAAAAAAAAAAAAAA,162461AAAAAAAAAAAAAAAAAAAAAAAAAAAAAA,1%,,
8336eae5-700f-5645-aa03-91c97f8398da,,"Clindamycin Suspension, 75 mg/5 mL",73546AAAAAAAAAAAAAAAAAAAAAAAAAAAAAAA,162462AAAAAAAAAAAAAAAAAAAAAAAAAAAAAA,75 mg/5 mL,,
264a4352-df2f-5aad-a27c-d40b181981b3,,"Clotrimazole + Hydrocortisone Cream, 1% + 1%",104340AAAAAAAAAAAAAAAAAAAAAAAAAAAAAA,162413AAAAAAAAAAAAAAAAAAAAAAAAAAAAAA,1% + 1%,,
2c23cc9d-5969-5e05-a3c1-363accf4b01c,,"Clobetasol Propionate Cream, 0.05%",73565AAAAAAAAAAAAAAAAAAAAAAAAAAAAAAA,162413AAAAAAAAAAAAAAAAAAAAAAAAAAAAAA,0.05%,,
d8dd92c2-5615-5db9-a80d-9baa0a08e8e4,,"Clotrimazole Cream, 1%",73624AAAAAAAAAAAAAAAAAAAAAAAAAAAAAAA,162413AAAAAAAAAAAAAAAAAAAAAAAAAAAAAA,1%,,
baca3c28-e76d-54c4-8ee8-5c5315cec949,,"Clotrimazole Cream, 2%",73624AAAAAAAAAAAAAAAAAAAAAAAAAAAAAAA,162413AAAAAAAAAAAAAAAAAAAAAAAAAAAAAA,2%,,
9de799f1-9e46-5e41-a0fa-41078024bbd9,,"Clotrimazole Pessary, 100 mg",73624AAAAAAAAAAAAAAAAAAAAAAAAAAAAAAA,162474AAAAAAAAAAAAAAAAAAAAAAAAAAAAAA,100 mg,,
41230443-464e-5735-b6d4-6acc09750e9f,,"Clotrimazole Pessary, 200 mg",73624AAAAAAAAAAAAAAAAAAAAAAAAAAAAAAA,162474AAAAAAAAAAAAAAAAAAAAAAAAAAAAAA,200 mg,,
d72ce16c-0e0a-5e8c-9558-7416464e2e33,,"Clotrimazole Pessary, 500 mg",73624AAAAAAAAAAAAAAAAAAAAAAAAAAAAAAA,162474AAAAAAAAAAAAAAAAAAAAAAAAAAAAAA,500 mg,,
4386c4b5-ed9e-52d5-b47b-037479b19a92,,"Cloxacillin Injection, 250 mg",73628AAAAAAAAAAAAAAAAAAAAAAAAAAAAAAA,1516AAAAAAAAAAAAAAAAAAAAAAAAAAAAAAAA,250 mg,,
a17ab9ed-4837-50b2-88c4-4e73157ecb66,,"Cloxacillin Injection, 500 mg",73628AAAAAAAAAAAAAAAAAAAAAAAAAAAAAAA,1516AAAAAAAAAAAAAAAAAAAAAAAAAAAAAAAA,500 mg,,
ed8f70a0-8a1c-52a5-b9c1-76204547e244,,"Amoxicillin + Clavulanic Acid Injection, 500 mg + 100 mg",450AAAAAAAAAAAAAAAAAAAAAAAAAAAAAAAAA,1516AAAAAAAAAAAAAAAAAAAAAAAAAAAAAAAA,500 mg + 100 mg,,
41e6d5bd-0abc-5a40-bab1-56fe39567438,,"Amoxicillin + Clavulanic Acid Injection, 1.2g",450AAAAAAAAAAAAAAAAAAAAAAAAAAAAAAAAA,1516AAAAAAAAAAAAAAAAAAAAAAAAAAAAAAAA,1.2g,,
ea6e9a55-aaf5-5cca-be1b-b6d25a6666db,,"Amoxicillin + Clavulanic Acid Suspension, 250 mg + 62 mg",450AAAAAAAAAAAAAAAAAAAAAAAAAAAAAAAAA,162462AAAAAAAAAAAAAAAAAAAAAAAAAAAAAA,250 mg + 62 mg,,
582953bd-b020-5518-894c-8963a2623488,,"Amoxicillin + Clavulanic Acid Suspension, 400 mg + 57 mg",450AAAAAAAAAAAAAAAAAAAAAAAAAAAAAAAAA,162462AAAAAAAAAAAAAAAAAAAAAAAAAAAAAA,400 mg + 57 mg,,
213b6045-87e5-538e-b336-5820eeb4f239,,"Amoxicillin + Clavulanic Acid Tablet, 500 mg + 125 mg",450AAAAAAAAAAAAAAAAAAAAAAAAAAAAAAAAA,1513AAAAAAAAAAAAAAAAAAAAAAAAAAAAAAAA,500 mg + 125 mg,,
42d36db1-1b41-5188-9d47-0bf8995c0441,,"Amoxicillin + Clavulanic Acid Tablet, 875 mg + 125 mg",450AAAAAAAAAAAAAAAAAAAAAAAAAAAAAAAAA,1513AAAAAAAAAAAAAAAAAAAAAAAAAAAAAAAA,875 mg + 125 mg,,
5b181997-9c70-578c-9392-027e66cb24fd,,"Codeine Tablet, 30 mg",73667AAAAAAAAAAAAAAAAAAAAAAAAAAAAAAA,1513AAAAAAAAAAAAAAAAAAAAAAAAAAAAAAAA,30 mg,,
3e041ef2-6ebf-5b35-91cf-759b446c979f,,"Co-trimoxazole Suspension, (200+40) mg/5 mL",105281AAAAAAAAAAAAAAAAAAAAAAAAAAAAAA,162462AAAAAAAAAAAAAAAAAAAAAAAAAAAAAA,(200+40) mg/5 mL,,
2b760c4f-e354-519d-9632-10fb025df480,,"Cotrimoxazole Tablet, (400+80) mg",105281AAAAAAAAAAAAAAAAAAAAAAAAAAAAAA,1513AAAAAAAAAAAAAAAAAAAAAAAAAAAAAAAA,(400+80) mg,,
243fb276-c288-5b72-b831-9198afd91375,,"Dextrose in Sodium Chloride Intravenous Infusion, 4.3% in 0.18% (250 mL)",162857AAAAAAAAAAAAAAAAAAAAAAAAAAAAAA,1516AAAAAAAAAAAAAAAAAAAAAAAAAAAAAAAA,4.3% in 0.18% (250 mL),,
c9d3b2f0-d9c1-5ff8-afb1-bf699931dcdf,,"Dextrose in Sodium Chloride Intravenous Infusion, 5% in 0.9% (500 mL)",162857AAAAAAAAAAAAAAAAAAAAAAAAAAAAAA,1516AAAAAAAAAAAAAAAAAAAAAAAAAAAAAAAA,5% in 0.9% (500 mL),,
36e22ed9-5071-5258-ba17-0b1f78c9a3d0,,"Dexamethasone Eye Ointment, 1%",74609AAAAAAAAAAAAAAAAAAAAAAAAAAAAAAA,1520AAAAAAAAAAAAAAAAAAAAAAAAAAAAAAAA,1%,,
d8844606-f123-5071-85b6-b1a677965c5a,,"Dexamethasone Eye Drops, 1%",74609AAAAAAAAAAAAAAAAAAAAAAAAAAAAAAA,160054AAAAAAAAAAAAAAAAAAAAAAAAAAAAAA,1%,,
87c2137a-e9e3-52ae-98ed-2e0d113250af,,"Dexamethasone Injection, 4 mg/mL",74609AAAAAAAAAAAAAAAAAAAAAAAAAAAAAAA,1516AAAAAAAAAAAAAAAAAAAAAAAAAAAAAAAA,4 mg/mL,,
ff0fd056-25a9-5488-8f7e-16d8b1b3668d,,"Dexamethasone Injection, 8 mg/2 mL",74609AAAAAAAAAAAAAAAAAAAAAAAAAAAAAAA,1516AAAAAAAAAAAAAAAAAAAAAAAAAAAAAAAA,8 mg/2 mL,,
04ca7998-ab51-588f-8e51-bdc16b27eaaf,,"Dextrose Infusion, 5% (250 mL)",74676AAAAAAAAAAAAAAAAAAAAAAAAAAAAAAA,1516AAAAAAAAAAAAAAAAAAAAAAAAAAAAAAAA,5% (250 mL),,
cdfee33c-caba-5c85-8224-329ad6d4b018,,"Dextrose Infusion, 5% (500 mL)",74676AAAAAAAAAAAAAAAAAAAAAAAAAAAAAAA,1516AAAAAAAAAAAAAAAAAAAAAAAAAAAAAAAA,5% (500 mL),,
ff9250d2-9b8a-50ec-8017-2e0eedd17d31,,"Dextrose Infusion, 10% (250 mL)",74676AAAAAAAAAAAAAAAAAAAAAAAAAAAAAAA,1516AAAAAAAAAAAAAAAAAAAAAAAAAAAAAAAA,10% (250 mL),,
91fd39a9-241d-51d9-8636-8e32e772a106,,"Dextrose Infusion, 10% (500 mL)",74676AAAAAAAAAAAAAAAAAAAAAAAAAAAAAAA,1516AAAAAAAAAAAAAAAAAAAAAAAAAAAAAAAA,10% (500 mL),,
c167c6d9-3412-51b8-9e33-fdbfcb04854f,,"Dextrose Infusion, 50% (250 mL)",74676AAAAAAAAAAAAAAAAAAAAAAAAAAAAAAA,1516AAAAAAAAAAAAAAAAAAAAAAAAAAAAAAAA,50% (250 mL),,
b85dfc8c-f553-577f-bb83-1361f22f6d27,,Dextromethorphan Containing Cough Syrup,74666AAAAAAAAAAAAAAAAAAAAAAAAAAAAAAA,1515AAAAAAAAAAAAAAAAAAAAAAAAAAAAAAAA,,,
3af51c85-4efa-5733-a3b9-ba19c431e5f7,,"Diazepam Injection, 5 mg/mL in 2 mL",74745AAAAAAAAAAAAAAAAAAAAAAAAAAAAAAA,1516AAAAAAAAAAAAAAAAAAAAAAAAAAAAAAAA,5 mg/mL in 2 mL,,
628a4e1c-d31c-5ec7-8fa4-6f6a80d1b5ac,,"Diazepam Rectal Solution, 2 mg/mL in 1.25 mL",74745AAAAAAAAAAAAAAAAAAAAAAAAAAAAAAA,162772AAAAAAAAAAAAAAAAAAAAAAAAAAAAAA,2 mg/mL in 1.25 mL,,
4afbd59d-6154-5843-895f-e4145f6f2689,,"Diazepam Tablet, 5 mg",74745AAAAAAAAAAAAAAAAAAAAAAAAAAAAAAA,1513AAAAAAAAAAAAAAAAAAAAAAAAAAAAAAAA,5 mg,,
04f4afc0-520f-5076-b715-149b376c4878,,"Diazepam Tablet, 10 mg",74745AAAAAAAAAAAAAAAAAAAAAAAAAAAAAAA,1513AAAAAAAAAAAAAAAAAAAAAAAAAAAAAAAA,10 mg,,
5723b1f5-fc8b-5c78-aaca-a2151ccb294d,,"Diclofenac Capsule, 75 mg",74778AAAAAAAAAAAAAAAAAAAAAAAAAAAAAAA,1608AAAAAAAAAAAAAAAAAAAAAAAAAAAAAAAA,75 mg,,
46267d7d-2334-5c46-a577-88abf7df47e3,,Diclofenac Gel,74778AAAAAAAAAAAAAAAAAAAAAAAAAAAAAAA,162420AAAAAAAAAAAAAAAAAAAAAAAAAAAAAA,,,
08d9528a-6348-5175-9746-c775aaeb953e,,"Diclofenac Injection, 75mg/3mL",74778AAAAAAAAAAAAAAAAAAAAAAAAAAAAAAA,1516AAAAAAAAAAAAAAAAAAAAAAAAAAAAAAAA,75mg/3mL,,
6620fc22-f680-5938-ac80-819385c221c4,,"Diclofenac Suppository, 50 mg",74778AAAAAAAAAAAAAAAAAAAAAAAAAAAAAAA,162458AAAAAAAAAAAAAAAAAAAAAAAAAAAAAA,50 mg,,
d85295a4-df12-554b-9edc-ac4675d16506,,"Diclofenac Suppository, 100 mg",74778AAAAAAAAAAAAAAAAAAAAAAAAAAAAAAA,162458AAAAAAAAAAAAAAAAAAAAAAAAAAAAAA,100 mg,,
f8546d55-5acb-580e-a6cd-acedfef9af38,,"Diclofenac Tablet, 50 mg",74778AAAAAAAAAAAAAAAAAAAAAAAAAAAAAAA,1513AAAAAAAAAAAAAAAAAAAAAAAAAAAAAAAA,50 mg,,
5aa5f921-9a5b-5dfc-8df7-02bdc8ec3fac,,"Digoxin Elixir, 50 microgram/mL",74860AAAAAAAAAAAAAAAAAAAAAAAAAAAAAAA,162770AAAAAAAAAAAAAAAAAAAAAAAAAAAAAA,50 microgram/mL,,
9cf438cc-5c16-566f-a49e-f4b68e394466,,"Digoxin Tablet, 62.5 microgram",74860AAAAAAAAAAAAAAAAAAAAAAAAAAAAAAA,1513AAAAAAAAAAAAAAAAAAAAAAAAAAAAAAAA,62.5 microgram,,
469d4118-aec7-5781-986f-10005900b131,,"Digoxin Tablet, 125 microgram",74860AAAAAAAAAAAAAAAAAAAAAAAAAAAAAAA,1513AAAAAAAAAAAAAAAAAAAAAAAAAAAAAAAA,125 microgram,,
53e95b92-fea2-557c-8541-7fb2031dcb7b,,"Digoxin Tablet, 250 microgram",74860AAAAAAAAAAAAAAAAAAAAAAAAAAAAAAA,1513AAAAAAAAAAAAAAAAAAAAAAAAAAAAAAAA,250 microgram,,
a47c9007-db4a-5417-b24d-b5332b8503a9,,"Dihydroartemisin + Piperaquine Granular Powder, 10 mg + 80 mg",162836AAAAAAAAAAAAAAAAAAAAAAAAAAAAAA,162452AAAAAAAAAAAAAAAAAAAAAAAAAAAAAA,10 mg + 80 mg,,
c66eee92-7ba9-5fb8-901b-4363355592c1,,"Dihydrocodeine Tablet, 30 mg",74874AAAAAAAAAAAAAAAAAAAAAAAAAAAAAAA,1513AAAAAAAAAAAAAAAAAAAAAAAAAAAAAAAA,30 mg,,
0eb97c76-3051-55e4-ad77-401084c050c1,,"Doxycycline Capsule, 100 mg",75222AAAAAAAAAAAAAAAAAAAAAAAAAAAAAAA,1608AAAAAAAAAAAAAAAAAAAAAAAAAAAAAAAA,100 mg,,
e4bbd09b-3679-5145-ad34-5c30ac33e265,,"Enoxaparin Sodium Injection, 40 mg/0.4 mL",75688AAAAAAAAAAAAAAAAAAAAAAAAAAAAAAA,1516AAAAAAAAAAAAAAAAAAAAAAAAAAAAAAAA,40 mg/0.4 mL,,
71f7832d-eba3-5cd7-b46c-c894517d958e,,"Ephedrine HCI Injection, 30 mg/mL",75722AAAAAAAAAAAAAAAAAAAAAAAAAAAAAAA,1516AAAAAAAAAAAAAAAAAAAAAAAAAAAAAAAA,30 mg/mL,,
c4ea2780-fe6e-5ca6-a181-9e3b61882aa0,,"Ephedrine Nasal Drops, 0.5%",75720AAAAAAAAAAAAAAAAAAAAAAAAAAAAAAA,162432AAAAAAAAAAAAAAAAAAAAAAAAAAAAAA,0.5%,,
82d15c7a-3567-58ed-be58-076cc2ea29a0,,"Ephedrine Nasal Drops, 1%",75720AAAAAAAAAAAAAAAAAAAAAAAAAAAAAAA,162432AAAAAAAAAAAAAAAAAAAAAAAAAAAAAA,1%,,
4a7424c6-6979-54dd-963b-6d8aac88c75d,,"Ergometrine Injection, 0.2 mg/mL",75801AAAAAAAAAAAAAAAAAAAAAAAAAAAAAAA,1516AAAAAAAAAAAAAAAAAAAAAAAAAAAAAAAA,0.2 mg/mL,,
0b6b81f9-b14c-53ff-8082-cc6291c7457b,,"Ergometrine Injection, 0.5 mg/ml",75801AAAAAAAAAAAAAAAAAAAAAAAAAAAAAAA,1516AAAAAAAAAAAAAAAAAAAAAAAAAAAAAAAA,0.5 mg/ml,,
65fbf62d-fa72-5a96-90af-d034fbf3ea3b,,"Ergometrine Tablet, 0.5 mg",75801AAAAAAAAAAAAAAAAAAAAAAAAAAAAAAA,1513AAAAAAAAAAAAAAAAAAAAAAAAAAAAAAAA,0.5 mg,,
a4aa6f1e-2f8d-5458-b1e9-32c729daf678,,"Ergotamine Tablet, 2 mg",75805AAAAAAAAAAAAAAAAAAAAAAAAAAAAAAA,1513AAAAAAAAAAAAAAAAAAAAAAAAAAAAAAAA,2 mg,,
f4d757c6-5678-51ba-8d14-cd0e1aa6a2ee,,"Erythromycin Syrup, 125 mg/5 mL",75842AAAAAAAAAAAAAAAAAAAAAAAAAAAAAAA,1515AAAAAAAAAAAAAAAAAAAAAAAAAAAAAAAA,125 mg/5 mL,,
113a73ab-a4a0-59ed-a9d2-51de3d075bc7,,"Erythromycin Tablet, 250 mg",75842AAAAAAAAAAAAAAAAAAAAAAAAAAAAAAA,1513AAAAAAAAAAAAAAAAAAAAAAAAAAAAAAAA,250 mg,,
771c0b0b-0d8f-571e-946f-893a614cd496,,"Esomeprazole Capsule, 20 mg",75875AAAAAAAAAAAAAAAAAAAAAAAAAAAAAAA,1608AAAAAAAAAAAAAAAAAAAAAAAAAAAAAAAA,20 mg,,
ad6db8c7-a679-563f-812b-90d92ae31b59,,"Esomeprazole Capsule, 40 mg",75875AAAAAAAAAAAAAAAAAAAAAAAAAAAAAAA,1608AAAAAAAAAAAAAAAAAAAAAAAAAAAAAAAA,40 mg,,
192e5857-630b-571f-8aef-700a923ebd40,,"Ferric Ammonium Citrate Mixture, (FAC)",76305AAAAAAAAAAAAAAAAAAAAAAAAAAAAAAA,162770AAAAAAAAAAAAAAAAAAAAAAAAAAAAAA,(FAC),,
0a08fff1-0fd4-534a-a067-bf025fc7b8a3,,"Ferrous Fumarate Tablet, 100 mg (Elemental Iron)",76335AAAAAAAAAAAAAAAAAAAAAAAAAAAAAAA,1513AAAAAAAAAAAAAAAAAAAAAAAAAAAAAAAA,100 mg (Elemental Iron),,
1f14f590-90b9-5876-ac54-dc2ace102cf7,,"Ferrous Sulphate (BPC) Syrup, 60 mg/5 mL",76342AAAAAAAAAAAAAAAAAAAAAAAAAAAAAAA,1515AAAAAAAAAAAAAAAAAAAAAAAAAAAAAAAA,60 mg/5 mL,,
90df4f08-2f0f-54ff-a6db-3250a4dcba07,,"Ferrous Sulphate Tablet, 60 mg (Elemental Iron)",76342AAAAAAAAAAAAAAAAAAAAAAAAAAAAAAA,1513AAAAAAAAAAAAAAAAAAAAAAAAAAAAAAAA,60 mg (Elemental Iron),,
c44a6b26-3a13-5591-9555-b2141eb7939b,,"Ferrous Sulphate + Folic Acid Tablet, 50 mg (Elemental Iron) + 400 microgram",773AAAAAAAAAAAAAAAAAAAAAAAAAAAAAAAAA,1513AAAAAAAAAAAAAAAAAAAAAAAAAAAAAAAA,50 mg (Elemental Iron) + 400 microgram,,
58061acc-903b-51e0-b0c6-5649b1d8d883,,"Flucloxacillin Capsule, 250 mg",76464AAAAAAAAAAAAAAAAAAAAAAAAAAAAAAA,1608AAAAAAAAAAAAAAAAAAAAAAAAAAAAAAAA,250 mg,,
02049e9c-8807-558f-a996-44467858a7c5,,"Flucloxacillin Injection, 250 mg",76464AAAAAAAAAAAAAAAAAAAAAAAAAAAAAAA,1516AAAAAAAAAAAAAAAAAAAAAAAAAAAAAAAA,250 mg,,
75fc4bc7-0b9a-51f3-961c-219316dd6853,,"Flucloxacillin Injection, 500 mg",76464AAAAAAAAAAAAAAAAAAAAAAAAAAAAAAA,1516AAAAAAAAAAAAAAAAAAAAAAAAAAAAAAAA,500 mg,,
769114fc-df23-5d65-87df-e1cf00fbedc4,,"Flucloxacillin Suspension, 125 mg/5 mL",76464AAAAAAAAAAAAAAAAAAAAAAAAAAAAAAA,162462AAAAAAAAAAAAAAAAAAAAAAAAAAAAAA,125 mg/5 mL,,
e4ab78ef-ce30-5195-b7c9-ab0c5a564702,,"Fluconazole Capsule, 150 mg",76488AAAAAAAAAAAAAAAAAAAAAAAAAAAAAAA,1608AAAAAAAAAAAAAAAAAAAAAAAAAAAAAAAA,150 mg,,
3f834bdb-c032-553b-9dd8-77637d0d7d6a,,"Fluconazole Capsule, 200 mg",76488AAAAAAAAAAAAAAAAAAAAAAAAAAAAAAA,1608AAAAAAAAAAAAAAAAAAAAAAAAAAAAAAAA,200 mg,,
6b7520fd-fc26-5858-a089-3f4270564231,,"Fluconazole Suspension, 10 mg/mL",76488AAAAAAAAAAAAAAAAAAAAAAAAAAAAAAA,162462AAAAAAAAAAAAAAAAAAAAAAAAAAAAAA,10 mg/mL,,
d7d5337f-81c0-5e00-812d-b201c1eea508,,"Fluconazole Suspension, 50 mg/5 mL",76488AAAAAAAAAAAAAAAAAAAAAAAAAAAAAAA,162462AAAAAAAAAAAAAAAAAAAAAAAAAAAAAA,50 mg/5 mL,,
1141dc0d-539d-50f4-a73b-4f8cc03a1370,,"Fluconazole Tablet, 50 mg",76488AAAAAAAAAAAAAAAAAAAAAAAAAAAAAAA,1513AAAAAAAAAAAAAAAAAAAAAAAAAAAAAAAA,50 mg,,
e8e21e00-e50c-5f6b-acad-a5b7ff9b5f10,,"Fluoxetine Capsule, 20 mg",76552AAAAAAAAAAAAAAAAAAAAAAAAAAAAAAA,1608AAAAAAAAAAAAAAAAAAAAAAAAAAAAAAAA,20 mg,,
2a32f0ed-7e71-517c-b45a-975e78f43f6e,,"Flupentixol Tablet, 500 microgram",76555AAAAAAAAAAAAAAAAAAAAAAAAAAAAAAA,1513AAAAAAAAAAAAAAAAAAAAAAAAAAAAAAAA,500 microgram,,
6710b3bb-5a71-537f-9a05-e1c34836248c,,"Flupentixol Tablet, 1mg",76555AAAAAAAAAAAAAAAAAAAAAAAAAAAAAAA,1513AAAAAAAAAAAAAAAAAAAAAAAAAAAAAAAA,1mg,,
f3d57e28-fa53-5562-92e2-b48d3a2bc6d9,,"Fluticasone + Salmeterol Inhaler, 250 microgram/50 microgram (60 Doses)",104676AAAAAAAAAAAAAAAAAAAAAAAAAAAAAA,162423AAAAAAAAAAAAAAAAAAAAAAAAAAAAAA,250 microgram/50 microgram (60 Doses),,
004b754c-99f7-5438-a212-e830c4697e44,,"Fluticasone Inhaler, 125 microgram (120 Dose)",76586AAAAAAAAAAAAAAAAAAAAAAAAAAAAAAA,162423AAAAAAAAAAAAAAAAAAAAAAAAAAAAAA,125 microgram (120 Dose),,
4a7c8c0c-b086-5d5d-9ffa-a0073c5ad052,,"Fluticasone Inhaler, 250 microgram (120 Dose)",76586AAAAAAAAAAAAAAAAAAAAAAAAAAAAAAA,162423AAAAAAAAAAAAAAAAAAAAAAAAAAAAAA,250 microgram (120 Dose),,
57ae0964-58df-5acf-b059-c5c459860d3e,,"Folic Acid Tablet, 5 mg",76613AAAAAAAAAAAAAAAAAAAAAAAAAAAAAAA,1513AAAAAAAAAAAAAAAAAAAAAAAAAAAAAAAA,5 mg,,
eb1a029e-b060-5d1c-bb5a-982c995dacdb,,"Furosemide Injection, 10 mg/mL in 2 mL",76734AAAAAAAAAAAAAAAAAAAAAAAAAAAAAAA,1516AAAAAAAAAAAAAAAAAAAAAAAAAAAAAAAA,10 mg/mL in 2 mL,,
e806d7f2-39ce-5886-9b2a-5a12d5c92275,,"Furosemide Tablet, 40 mg",76734AAAAAAAAAAAAAAAAAAAAAAAAAAAAAAA,1513AAAAAAAAAAAAAAAAAAAAAAAAAAAAAAAA,40 mg,,
9cc9d3e6-96fd-5740-b448-b9b8494f8bce,,"Gelatin Infusion, (Succinylated Gelatin)",84388AAAAAAAAAAAAAAAAAAAAAAAAAAAAAAA,1516AAAAAAAAAAAAAAAAAAAAAAAAAAAAAAAA,(Succinylated Gelatin),,
9e7b91fd-7003-5b69-8d3b-d81f0c9755d6,,"Gentamicin Ear Drops, 0.3%",100AAAAAAAAAAAAAAAAAAAAAAAAAAAAAAAAA,162445AAAAAAAAAAAAAAAAAAAAAAAAAAAAAA,0.3%,,
33bada27-45bb-5450-979a-2a2bcdc9ec2f,,"Gentamicin Eye Drops, 0.3%",100AAAAAAAAAAAAAAAAAAAAAAAAAAAAAAAAA,160054AAAAAAAAAAAAAAAAAAAAAAAAAAAAAA,0.3%,,
6008c45a-04e9-5074-b9c4-c4505e6b5117,,"Gentamicin Injection, 40 mg/mL in 2 mL",100AAAAAAAAAAAAAAAAAAAAAAAAAAAAAAAAA,1516AAAAAAAAAAAAAAAAAAAAAAAAAAAAAAAA,40 mg/mL in 2 mL,,
d9a1705b-c4de-517c-98be-fca19d806083,,"Glibenclamide Tablet, 5 mg",77071AAAAAAAAAAAAAAAAAAAAAAAAAAAAAAA,1513AAAAAAAAAAAAAAAAAAAAAAAAAAAAAAAA,5 mg,,
a3f13acf-9dca-55d8-9ac8-9d90a36a32f6,,"Gliclazide Tablet, 80 mg",77029AAAAAAAAAAAAAAAAAAAAAAAAAAAAAAA,1513AAAAAAAAAAAAAAAAAAAAAAAAAAAAAAAA,80 mg,,
a6fe6e8b-d5ec-51fd-8655-dd903c67436c,,"Glimepiride Tablet, 1 mg",77031AAAAAAAAAAAAAAAAAAAAAAAAAAAAAAA,1513AAAAAAAAAAAAAAAAAAAAAAAAAAAAAAAA,1 mg,,
c8508f39-3418-553f-bdb8-77beb958a65e,,"Glimepiride Tablet, 2 mg",77031AAAAAAAAAAAAAAAAAAAAAAAAAAAAAAA,1513AAAAAAAAAAAAAAAAAAAAAAAAAAAAAAAA,2 mg,,
eb08de70-ffc0-5759-869b-ae3c50bf3fc3,,"Glimepiride Tablet, 3 mg",77031AAAAAAAAAAAAAAAAAAAAAAAAAAAAAAA,1513AAAAAAAAAAAAAAAAAAAAAAAAAAAAAAAA,3 mg,,
97101af6-6a38-5fe1-9a85-7f98ddaa9e3b,,"Glimepiride Tablet, 4 mg",77031AAAAAAAAAAAAAAAAAAAAAAAAAAAAAAA,1513AAAAAAAAAAAAAAAAAAAAAAAAAAAAAAAA,4 mg,,
ad3cbc76-73f4-5b62-ab32-75374f8b1314,,"Glyceryl Trinitrate Sublingual Tablet, 500 microgram",80704AAAAAAAAAAAAAAAAAAAAAAAAAAAAAAA,1513AAAAAAAAAAAAAAAAAAAAAAAAAAAAAAAA,500 microgram,,
12e2588f-db50-5872-b763-c0042346c96c,,"Glucagon Injection, 1 mg",77037AAAAAAAAAAAAAAAAAAAAAAAAAAAAAAA,1516AAAAAAAAAAAAAAAAAAAAAAAAAAAAAAAA,1 mg,,
b77ae861-9d9c-50ee-a87d-40089d384556,,"Griseofulvin Suspension, 125 mg/5 mL",77164AAAAAAAAAAAAAAAAAAAAAAAAAAAAAAA,162462AAAAAAAAAAAAAAAAAAAAAAAAAAAAAA,125 mg/5 mL,,
04eb4cc2-38f3-54d4-a0c8-2cf21dc0f857,,"Griseofulvin Tablet, 125 mg",77164AAAAAAAAAAAAAAAAAAAAAAAAAAAAAAA,1513AAAAAAAAAAAAAAAAAAAAAAAAAAAAAAAA,125 mg,,
9f1e199f-fdf5-5f9e-83b5-bc2f3abacbf1,,"Griseofulvin Tablet, 500 mg",77164AAAAAAAAAAAAAAAAAAAAAAAAAAAAAAA,1513AAAAAAAAAAAAAAAAAAAAAAAAAAAAAAAA,500 mg,,
75eb3c73-632e-5f9a-9a89-30921a528abf,,Guaifenesin Containing Expectorant Syrup,77204AAAAAAAAAAAAAAAAAAAAAAAAAAAAAAA,1515AAAAAAAAAAAAAAAAAAAAAAAAAAAAAAAA,,,
cfc43fd7-d68e-53f5-8de4-c07a79887941,,"Haloperidol Tablet, 0.5 mg",77335AAAAAAAAAAAAAAAAAAAAAAAAAAAAAAA,1513AAAAAAAAAAAAAAAAAAAAAAAAAAAAAAAA,0.5 mg,,
1dcfd218-610c-5386-9972-945b320f6613,,"Haloperidol Tablet, 5 mg",77335AAAAAAAAAAAAAAAAAAAAAAAAAAAAAAA,1513AAAAAAAAAAAAAAAAAAAAAAAAAAAAAAAA,5 mg,,
aa4bd2bf-a16d-5c05-8f4d-0c479771f7f8,,"Haloperidol Tablet, 10 mg",77335AAAAAAAAAAAAAAAAAAAAAAAAAAAAAAA,1513AAAAAAAAAAAAAAAAAAAAAAAAAAAAAAAA,10 mg,,
25561e48-71cb-56d8-a404-85fc7bc38c5f,,"Human Immune Tetanus Globulins Injection, 250 IU/mL",84878AAAAAAAAAAAAAAAAAAAAAAAAAAAAAAA,1516AAAAAAAAAAAAAAAAAAAAAAAAAAAAAAAA,250 IU/mL,,
015e26b3-7b00-5c6f-819e-5fdf6352d0a4,,"Human Immune Tetanus Globulins Injection, 500 IU/mL",84878AAAAAAAAAAAAAAAAAAAAAAAAAAAAAAA,1516AAAAAAAAAAAAAAAAAAAAAAAAAAAAAAAA,500 IU/mL,,
c800bbea-b15d-59b8-9b8e-8df16f827614,,"Hydralazine Injection, 20 mg",77675AAAAAAAAAAAAAAAAAAAAAAAAAAAAAAA,1516AAAAAAAAAAAAAAAAAAAAAAAAAAAAAAAA,20 mg,,
27bad75f-4201-537e-b6df-db6b42b8113f,,"Hydralazine Tablet, 25 mg",77675AAAAAAAAAAAAAAAAAAAAAAAAAAAAAAA,1513AAAAAAAAAAAAAAAAAAAAAAAAAAAAAAAA,25 mg,,
e6b7c557-8505-5887-aa61-fb369dd9f10b,,"Hydrocortisone Cream, 1%",77714AAAAAAAAAAAAAAAAAAAAAAAAAAAAAAA,162413AAAAAAAAAAAAAAAAAAAAAAAAAAAAAA,1%,,
26ac27bd-d0a1-5532-ae5c-142ce8dc3df6,,"Hydrocortisone Eye Ointment, 1%",77714AAAAAAAAAAAAAAAAAAAAAAAAAAAAAAA,1520AAAAAAAAAAAAAAAAAAAAAAAAAAAAAAAA,1%,,
45e8bc98-eb25-5f12-8379-0677eb54979c,,"Hydrocortisone Eye Drops, 1%",77714AAAAAAAAAAAAAAAAAAAAAAAAAAAAAAA,160054AAAAAAAAAAAAAAAAAAAAAAAAAAAAAA,1%,,
809af50f-5c41-5424-881e-23f4ed19d66a,,"Hyoscine Butylbromide Injection, 20 mg/ mL",431AAAAAAAAAAAAAAAAAAAAAAAAAAAAAAAAA,1516AAAAAAAAAAAAAAAAAAAAAAAAAAAAAAAA,20 mg/ mL,,
eaf834b1-1cba-59ce-bfcb-6861bf973ab8,,"Hyoscine Butylbromide Tablet, 10 mg",431AAAAAAAAAAAAAAAAAAAAAAAAAAAAAAAAA,1513AAAAAAAAAAAAAAAAAAAAAAAAAAAAAAAA,10 mg,,
3e40777d-e0c3-5414-a934-f59fec4e090e,,"Hydrocortisone Sodium Succinate Injection, 100 mg",77725AAAAAAAAAAAAAAAAAAAAAAAAAAAAAAA,1516AAAAAAAAAAAAAAAAAAAAAAAAAAAAAAAA,100 mg,,
d3abbdbc-81c8-50b9-b1d5-99e75c738c6b,,"Ibuprofen Suspension, 100 mg/5 mL",77897AAAAAAAAAAAAAAAAAAAAAAAAAAAAAAA,162462AAAAAAAAAAAAAAAAAAAAAAAAAAAAAA,100 mg/5 mL,,
66b45c75-a1fe-5ac6-b7dc-3a607ee63ef3,,"Ibuprofen Tablet, 200 mg",77897AAAAAAAAAAAAAAAAAAAAAAAAAAAAAAA,1513AAAAAAAAAAAAAAAAAAAAAAAAAAAAAAAA,200 mg,,
9269009e-9337-5784-95d4-178f1351b770,,"Ibuprofen Tablet, 400 mg",77897AAAAAAAAAAAAAAAAAAAAAAAAAAAAAAA,1513AAAAAAAAAAAAAAAAAAAAAAAAAAAAAAAA,400 mg,,
a4a7e33e-c239-5c86-a8ba-bc448229a507,,"Imipramine Tablet, 25 mg",77953AAAAAAAAAAAAAAAAAAAAAAAAAAAAAAA,1513AAAAAAAAAAAAAAAAAAAAAAAAAAAAAAAA,25 mg,,
1e893ea8-4f24-5efb-bb81-7eda337a0dab,,"Insulin premixed (30/70) HM Injection, Injection, 100 units/mL in 10 mL",159459AAAAAAAAAAAAAAAAAAAAAAAAAAAAAA,1516AAAAAAAAAAAAAAAAAAAAAAAAAAAAAAAA,"Injection, 100 units/mL in 10 mL",,
72399393-5e90-5a30-8764-6484de48fa1a,,"Insulin Soluble HM Injection, 100 units/mL in 10 mL",282AAAAAAAAAAAAAAAAAAAAAAAAAAAAAAAAA,1516AAAAAAAAAAAAAAAAAAAAAAAAAAAAAAAA,100 units/mL in 10 mL,,
de59d01b-41a6-5743-90be-c9568df38024,,"Ipratropium Bromide Nebuliser Solution, 250 micrograms",78200AAAAAAAAAAAAAAAAAAAAAAAAAAAAAAA,162425AAAAAAAAAAAAAAAAAAAAAAAAAAAAAA,250 micrograms,,
6d4fedbb-1441-50eb-be63-bd300113e680,,"Ipratropium Bromide Nebuliser Solution, 500 micrograms",78200AAAAAAAAAAAAAAAAAAAAAAAAAAAAAAA,162425AAAAAAAAAAAAAAAAAAAAAAAAAAAAAA,500 micrograms,,
25b17ed3-114a-51ab-8629-31befc271c24,,"Iron Dextran Injection, 100mg/2mL",78230AAAAAAAAAAAAAAAAAAAAAAAAAAAAAAA,1516AAAAAAAAAAAAAAAAAAAAAAAAAAAAAAAA,100mg/2mL,,
8e180f80-fabe-5885-8960-848413455204,,"Isosorbide Dinitrate Tablet, 10 mg",78305AAAAAAAAAAAAAAAAAAAAAAAAAAAAAAA,1513AAAAAAAAAAAAAAAAAAAAAAAAAAAAAAAA,10 mg,,
5947eabf-4b17-5bc1-9614-ee7b066bed8d,,"Isophane Insulin Injection, (HM), 100 units/mL in 10 mL",78068AAAAAAAAAAAAAAAAAAAAAAAAAAAAAAA,1516AAAAAAAAAAAAAAAAAAAAAAAAAAAAAAAA,"(HM), 100 units/mL in 10 mL",,
1741b655-1fa5-53b2-9762-fbc6e68452bd,,"Ketoconazole Cream, 30g",78476AAAAAAAAAAAAAAAAAAAAAAAAAAAAAAA,162413AAAAAAAAAAAAAAAAAAAAAAAAAAAAAA,30g,,
52de5c25-1079-5a4b-94fc-21d3fb764cf4,,"Ketoconazole Tablet, 200 mg",78476AAAAAAAAAAAAAAAAAAAAAAAAAAAAAAA,1513AAAAAAAAAAAAAAAAAAAAAAAAAAAAAAAA,200 mg,,
67a73bec-df36-53c2-876d-155317e336c1,,"Labetalol Tablet, 200 mg",78599AAAAAAAAAAAAAAAAAAAAAAAAAAAAAAA,1513AAAAAAAAAAAAAAAAAAAAAAAAAAAAAAAA,200 mg,,
308b3b3b-989b-5031-a3f2-e9ae70c6298b,,"Lactulose Liquid, 3.1–3.7 g/5 mL",78632AAAAAAAAAAAAAAAAAAAAAAAAAAAAAAA,162770AAAAAAAAAAAAAAAAAAAAAAAAAAAAAA,3.1–3.7 g/5 mL,,
5d749fba-c647-5054-800b-4d1045a84f53,,"Levothyroxine Sodium Tablet, 25 microgram",78809AAAAAAAAAAAAAAAAAAAAAAAAAAAAAAA,1513AAAAAAAAAAAAAAAAAAAAAAAAAAAAAAAA,25 microgram,,
b56534d0-743d-5218-ac58-61f2a2ac360a,,"Levothyroxine Sodium Tablet, 50 microgram",78809AAAAAAAAAAAAAAAAAAAAAAAAAAAAAAA,1513AAAAAAAAAAAAAAAAAAAAAAAAAAAAAAAA,50 microgram,,
c7f099b0-d7c7-5fe7-b38d-7d5b03af8d73,,"Levothyroxine Sodium Tablet, 100 microgram",78809AAAAAAAAAAAAAAAAAAAAAAAAAAAAAAA,1513AAAAAAAAAAAAAAAAAAAAAAAAAAAAAAAA,100 microgram,,
5e2ca4d3-1727-58ad-97c5-4842253fd15a,,"Lidocaine Cream, 2%",78849AAAAAAAAAAAAAAAAAAAAAAAAAAAAAAA,162413AAAAAAAAAAAAAAAAAAAAAAAAAAAAAA,2%,,
21466cfc-2925-5989-9485-833f1156882b,,"Lidocaine Gel, 4%",78849AAAAAAAAAAAAAAAAAAAAAAAAAAAAAAA,162420AAAAAAAAAAAAAAAAAAAAAAAAAAAAAA,4%,,
730e2f55-aade-513f-bbe6-6c12f00982f8,,"Lisinopril + Hydrochlorthiazide Tablet, (10 mg + 12.5 mg)",104833AAAAAAAAAAAAAAAAAAAAAAAAAAAAAA,1513AAAAAAAAAAAAAAAAAAAAAAAAAAAAAAAA,(10 mg + 12.5 mg),,
99bc5873-85d3-5a0b-bf73-f6e4fe54fb65,,"Lisinopril + Hydrochlorthiazide Tablet, (20 mg + 12.5 mg)",104833AAAAAAAAAAAAAAAAAAAAAAAAAAAAAA,1513AAAAAAAAAAAAAAAAAAAAAAAAAAAAAAAA,(20 mg + 12.5 mg),,
23e1c7e9-09f9-553a-a068-a0a33dff973d,,"Lisinopril Tablet, 2.5 mg",78945AAAAAAAAAAAAAAAAAAAAAAAAAAAAAAA,1513AAAAAAAAAAAAAAAAAAAAAAAAAAAAAAAA,2.5 mg,,
b2a4b76c-1512-50ae-abbf-a83b89806189,,"Lisinopril Tablet, 5 mg",78945AAAAAAAAAAAAAAAAAAAAAAAAAAAAAAA,1513AAAAAAAAAAAAAAAAAAAAAAAAAAAAAAAA,5 mg,,
99723ab0-7520-5f4e-b400-c0685509ab5f,,"Lisinopril Tablet, 10 mg",78945AAAAAAAAAAAAAAAAAAAAAAAAAAAAAAA,1513AAAAAAAAAAAAAAAAAAAAAAAAAAAAAAAA,10 mg,,
5ea14cee-4292-5fe1-98b5-a814bde4ebfa,,"Lisinopril Tablet, 20 mg",78945AAAAAAAAAAAAAAAAAAAAAAAAAAAAAAA,1513AAAAAAAAAAAAAAAAAAAAAAAAAAAAAAAA,20 mg,,
7f1ede14-8a0a-5067-bb85-3115524d3bd0,,"Lodoxamide Eye Drops, 0.1%",78994AAAAAAAAAAAAAAAAAAAAAAAAAAAAAAA,160054AAAAAAAAAAAAAAAAAAAAAAAAAAAAAA,0.1%,,
8575a7ac-547a-5185-93a3-717be9ca2ff3,,"Lorazepam Tablet, 1 mg",79054AAAAAAAAAAAAAAAAAAAAAAAAAAAAAAA,1513AAAAAAAAAAAAAAAAAAAAAAAAAAAAAAAA,1 mg,,
100fdbe8-21dc-5089-bafb-e21b6142a75f,,"Lorazepam Tablet, 2 mg",79054AAAAAAAAAAAAAAAAAAAAAAAAAAAAAAA,1513AAAAAAAAAAAAAAAAAAAAAAAAAAAAAAAA,2 mg,,
0a38ec57-435a-5635-bfd3-fd9fc6938b39,,"Losartan Tablet, 25 mg",79074AAAAAAAAAAAAAAAAAAAAAAAAAAAAAAA,1513AAAAAAAAAAAAAAAAAAAAAAAAAAAAAAAA,25 mg,,
f4b5c2e9-7f7c-5813-8470-2e4778774915,,"Losartan Tablet, 50 mg",79074AAAAAAAAAAAAAAAAAAAAAAAAAAAAAAA,1513AAAAAAAAAAAAAAAAAAAAAAAAAAAAAAAA,50 mg,,
c41b78c8-9f65-55b2-94f5-6b988b58ad6c,,"Losartan Tablet, 100 mg",79074AAAAAAAAAAAAAAAAAAAAAAAAAAAAAAA,1513AAAAAAAAAAAAAAAAAAAAAAAAAAAAAAAA,100 mg,,
a4f1cc70-e13e-5335-9600-b4f126b1e15d,,"Magnesium Sulphate Injection, 20% (10 mL)",79247AAAAAAAAAAAAAAAAAAAAAAAAAAAAAAA,1516AAAAAAAAAAAAAAAAAAAAAAAAAAAAAAAA,20% (10 mL),,
04234b42-8097-5f5e-8086-267466453c9d,,"Magnesium Sulphate Injection, 50% (10 mL)",79247AAAAAAAAAAAAAAAAAAAAAAAAAAAAAAA,1516AAAAAAAAAAAAAAAAAAAAAAAAAAAAAAAA,50% (10 mL),,
424d85ad-f955-59f7-af7b-d10c30c7bbcc,,Magnesium Sulphate Powder,79247AAAAAAAAAAAAAAAAAAAAAAAAAAAAAAA,162452AAAAAAAAAAAAAAAAAAAAAAAAAAAAAA,,,
bde589a4-1c73-55df-af60-4ac23d2d6418,,Magnesium Trisilicate Mixture,79250AAAAAAAAAAAAAAAAAAAAAAAAAAAAAAA,162770AAAAAAAAAAAAAAAAAAAAAAAAAAAAAA,,,
f6c94ff7-fc6c-5de3-8c72-e4040c849077,,"Magnesium Trisilicate Tablet, 500 mg",79250AAAAAAAAAAAAAAAAAAAAAAAAAAAAAAA,1513AAAAAAAAAAAAAAAAAAAAAAAAAAAAAAAA,500 mg,,
6bb89b56-20d3-5a22-b257-c66a96f9cff2,,"Mannitol Injection, 10%",79303AAAAAAAAAAAAAAAAAAAAAAAAAAAAAAA,1516AAAAAAAAAAAAAAAAAAAAAAAAAAAAAAAA,10%,,
931a4812-1cf7-50fa-b186-69a837a1f90a,,"Mannitol Injection, 20%",79303AAAAAAAAAAAAAAAAAAAAAAAAAAAAAAA,1516AAAAAAAAAAAAAAAAAAAAAAAAAAAAAAAA,20%,,
a8b1c739-78fe-5857-9972-ecef682cbae0,,Magnesium Trisilicate + Aluminium Hydroxide Mixture,103529AAAAAAAAAAAAAAAAAAAAAAAAAAAAAA,162770AAAAAAAAAAAAAAAAAAAAAAAAAAAAAA,,,
62122026-2b2f-5e2d-8ff3-f99b518732fb,,Magnesium Trisilicate + Aluminium Hydroxide Tablet,103529AAAAAAAAAAAAAAAAAAAAAAAAAAAAAA,1513AAAAAAAAAAAAAAAAAAAAAAAAAAAAAAAA,,,
fc4ce877-7884-5c5e-8a77-d7e3b09023d6,,"Mebendazole Suspension, 100 mg/5 mL",79413AAAAAAAAAAAAAAAAAAAAAAAAAAAAAAA,162462AAAAAAAAAAAAAAAAAAAAAAAAAAAAAA,100 mg/5 mL,,
9cc13102-ce2d-5d40-b708-2b278b7c3d3b,,"Mebendazole Tablet, 100 mg",79413AAAAAAAAAAAAAAAAAAAAAAAAAAAAAAA,1513AAAAAAAAAAAAAAAAAAAAAAAAAAAAAAAA,100 mg,,
50adece0-5afe-590b-a76b-220bf8f09b2c,,"Mebendazole Tablet, 500 mg",79413AAAAAAAAAAAAAAAAAAAAAAAAAAAAAAA,1513AAAAAAAAAAAAAAAAAAAAAAAAAAAAAAAA,500 mg,,
17ed4ba7-2fa7-50b6-992a-88d43f9a81bc,,"Mebeverine Tablet, 135 mg",79414AAAAAAAAAAAAAAAAAAAAAAAAAAAAAAA,1513AAAAAAAAAAAAAAAAAAAAAAAAAAAAAAAA,135 mg,,
b06eb3a0-3c54-5836-8e1a-39d3d4e48cc1,,"Mefenamic Acid Capsule, 250 mg",79501AAAAAAAAAAAAAAAAAAAAAAAAAAAAAAA,1608AAAAAAAAAAAAAAAAAAAAAAAAAAAAAAAA,250 mg,,
048359aa-e353-546f-aba2-81468ecfc646,,"Mefenamic Acid Tablet, 500 mg",79501AAAAAAAAAAAAAAAAAAAAAAAAAAAAAAA,1513AAAAAAAAAAAAAAAAAAAAAAAAAAAAAAAA,500 mg,,
969d8501-4f26-5963-9639-3b714b16326f,,"Methyl Cellulose Eye Drops, 0.3%",79720AAAAAAAAAAAAAAAAAAAAAAAAAAAAAAA,160054AAAAAAAAAAAAAAAAAAAAAAAAAAAAAA,0.3%,,
534bd030-a5d5-5a7f-b0ab-4786b8d3f49a,,"Metformin Tablet, 500 mg",79651AAAAAAAAAAAAAAAAAAAAAAAAAAAAAAA,1513AAAAAAAAAAAAAAAAAAAAAAAAAAAAAAAA,500 mg,,
0ec5b352-ac3a-5050-8401-44238358048f,,"Methyldopa Tablet, 250 mg",79723AAAAAAAAAAAAAAAAAAAAAAAAAAAAAAA,1513AAAAAAAAAAAAAAAAAAAAAAAAAAAAAAAA,250 mg,,
9b9e49de-6bf3-5192-9833-a1f84bbc55e6,,"Metoclopramide Injection, 5 mg/mL in 2 mL",79755AAAAAAAAAAAAAAAAAAAAAAAAAAAAAAA,1516AAAAAAAAAAAAAAAAAAAAAAAAAAAAAAAA,5 mg/mL in 2 mL,,
30353367-ec1d-53af-9cd1-b5069013477d,,"Metoclopramide Syrup, 5 mg/5 mL",79755AAAAAAAAAAAAAAAAAAAAAAAAAAAAAAA,1515AAAAAAAAAAAAAAAAAAAAAAAAAAAAAAAA,5 mg/5 mL,,
84da9283-5468-5037-95bf-54326a2b4147,,"Metoclopramide Tablet, 10 mg",79755AAAAAAAAAAAAAAAAAAAAAAAAAAAAAAA,1513AAAAAAAAAAAAAAAAAAAAAAAAAAAAAAAA,10 mg,,
87d4c642-ef1c-54a3-b5d8-bb07b396e3ae,,"Metronidazole Injection, 5 mg/mL in 100 mL",79782AAAAAAAAAAAAAAAAAAAAAAAAAAAAAAA,1516AAAAAAAAAAAAAAAAAAAAAAAAAAAAAAAA,5 mg/mL in 100 mL,,
8c5019c4-3fa2-5b78-ba42-e976e998659b,,"Metronidazole Suppository, 500 mg",79782AAAAAAAAAAAAAAAAAAAAAAAAAAAAAAA,162458AAAAAAAAAAAAAAAAAAAAAAAAAAAAAA,500 mg,,
3b14ca5b-088c-5f84-acd3-f751cfb97e71,,"Metronidazole Suspension, 100 mg/5 mL (as benzoate)",79782AAAAAAAAAAAAAAAAAAAAAAAAAAAAAAA,162462AAAAAAAAAAAAAAAAAAAAAAAAAAAAAA,100 mg/5 mL (as benzoate),,
75ef4aaf-4004-58cb-867c-5ecb85d00bdd,,"Metronidazole Suspension, 200 mg/5 mL(as benzoate)",79782AAAAAAAAAAAAAAAAAAAAAAAAAAAAAAA,162462AAAAAAAAAAAAAAAAAAAAAAAAAAAAAA,200 mg/5 mL(as benzoate),,
b21df6b7-4131-549d-afa9-96cfce4b69ef,,"Metronidazole Tablet, 200 mg",79782AAAAAAAAAAAAAAAAAAAAAAAAAAAAAAA,1513AAAAAAAAAAAAAAAAAAAAAAAAAAAAAAAA,200 mg,,
cd6a1202-d442-5ef2-a9e9-a4b945334d41,,"Metronidazole Tablet, 400 mg",79782AAAAAAAAAAAAAAAAAAAAAAAAAAAAAAA,1513AAAAAAAAAAAAAAAAAAAAAAAAAAAAAAAA,400 mg,,
b12c11b0-b910-5c3e-b871-8c0677f1a1c8,,"Metoprolol Tartrate Tablet, 100 mg",79767AAAAAAAAAAAAAAAAAAAAAAAAAAAAAAA,1513AAAAAAAAAAAAAAAAAAAAAAAAAAAAAAAA,100 mg,,
81d366f6-a94a-5e66-b11a-db9090ceffa9,,"Miconazole + Hydrocortisone Cream, 2% + 1%",104860AAAAAAAAAAAAAAAAAAAAAAAAAAAAAA,162413AAAAAAAAAAAAAAAAAAAAAAAAAAAAAA,2% + 1%,,
21aa8362-471a-517f-a6e4-28aaa1cad32a,,"Miconazole Cream, 2%",79831AAAAAAAAAAAAAAAAAAAAAAAAAAAAAAA,162413AAAAAAAAAAAAAAAAAAAAAAAAAAAAAA,2%,,
897e13c6-919f-51d3-912f-4b509e231a5e,,"Miconazole Oral Gel, 25 mg/mL",79831AAAAAAAAAAAAAAAAAAAAAAAAAAAAAAA,162441AAAAAAAAAAAAAAAAAAAAAAAAAAAAAA,25 mg/mL,,
61ecf5d5-77fc-5537-a6a1-30beb6c06f34,,"Miconazole Pessary, 400 mg",79831AAAAAAAAAAAAAAAAAAAAAAAAAAAAAAA,162474AAAAAAAAAAAAAAAAAAAAAAAAAAAAAA,400 mg,,
d00af845-7e05-5185-9e26-20b7da22b697,,"Midazolam Injection, 5 mg/5mL",79853AAAAAAAAAAAAAAAAAAAAAAAAAAAAAAA,1516AAAAAAAAAAAAAAAAAAAAAAAAAAAAAAAA,5 mg/5mL,,
80f4057a-7b57-50cb-8b37-32eaeda6dd2b,,"Midazolam Tablet, 15 mg",79853AAAAAAAAAAAAAAAAAAAAAAAAAAAAAAA,1513AAAAAAAAAAAAAAAAAAAAAAAAAAAAAAAA,15 mg,,
7977ef3c-258d-5936-a300-577d0deed675,,"Morphine Injection, 10 mg/mL",80106AAAAAAAAAAAAAAAAAAAAAAAAAAAAAAA,1516AAAAAAAAAAAAAAAAAAAAAAAAAAAAAAAA,10 mg/mL,,
5b51fdc4-a0b6-545c-9c98-d9232cb78bfb,,"Morphine Sulphate Tablet, 10 mg (Slow release)",80109AAAAAAAAAAAAAAAAAAAAAAAAAAAAAAA,1513AAAAAAAAAAAAAAAAAAAAAAAAAAAAAAAA,10 mg (Slow release),,
251c76e6-b7c6-51c5-988b-0741eec7a60a,,"Morphine Sulphate Tablet, 30 mg (Slow release)",80109AAAAAAAAAAAAAAAAAAAAAAAAAAAAAAA,1513AAAAAAAAAAAAAAAAAAAAAAAAAAAAAAAA,30 mg (Slow release),,
ef7a9861-1302-52f3-b4a7-8fc7aeb32694,,Multivitamin Drops,461AAAAAAAAAAAAAAAAAAAAAAAAAAAAAAAAA,162770AAAAAAAAAAAAAAAAAAAAAAAAAAAAAA,,,
feb470f3-b2e1-5b66-b008-04d4eaa4385c,,Multivitamin Syrup,461AAAAAAAAAAAAAAAAAAAAAAAAAAAAAAAAA,1515AAAAAAAAAAAAAAAAAAAAAAAAAAAAAAAA,,,
939ab25e-995e-58e8-b683-4311bea41db8,,Multivitamin Tablet,461AAAAAAAAAAAAAAAAAAAAAAAAAAAAAAAAA,1513AAAAAAAAAAAAAAAAAAAAAAAAAAAAAAAA,,,
4269e7e1-77e6-5f43-86e0-6a56c22c22f6,,"Naloxone Injection, 400 microgram/mL in 1mL",80367AAAAAAAAAAAAAAAAAAAAAAAAAAAAAAA,1516AAAAAAAAAAAAAAAAAAAAAAAAAAAAAAAA,400 microgram/mL in 1mL,,
2bc5bb2b-d1e8-5450-af96-fe1566ad962b,,"Neomycin Tablet, 500 mg",80514AAAAAAAAAAAAAAAAAAAAAAAAAAAAAAA,1513AAAAAAAAAAAAAAAAAAAAAAAAAAAAAAAA,500 mg,,
29ff7763-af7e-5a7a-b17b-2a273a4fece5,,"Neostigmine Injection, 2.5 mg/mL",80532AAAAAAAAAAAAAAAAAAAAAAAAAAAAAAA,1516AAAAAAAAAAAAAAAAAAAAAAAAAAAAAAAA,2.5 mg/mL,,
0440e8fa-66c6-597f-a545-c8284839ba3d,,"Nifedipine Tablet, 10 mg (slow release)",80637AAAAAAAAAAAAAAAAAAAAAAAAAAAAAAA,1513AAAAAAAAAAAAAAAAAAAAAAAAAAAAAAAA,10 mg (slow release),,
718d54e8-61d5-5560-902c-892dd2746a64,,"Nifedipine Tablet, 20 mg (slow release)",80637AAAAAAAAAAAAAAAAAAAAAAAAAAAAAAA,1513AAAAAAAAAAAAAAAAAAAAAAAAAAAAAAAA,20 mg (slow release),,
5cb663d1-1ec1-5b1b-898e-cb0402daa2fb,,"Nifedipine Tablet, 30 mg (GITS)",80637AAAAAAAAAAAAAAAAAAAAAAAAAAAAAAA,1513AAAAAAAAAAAAAAAAAAAAAAAAAAAAAAAA,30 mg (GITS),,
9c2a59dc-fe47-5d75-87ea-342cf5d5f573,,"Nitrofurantoin Tablet, 100 mg",80696AAAAAAAAAAAAAAAAAAAAAAAAAAAAAAA,1513AAAAAAAAAAAAAAAAAAAAAAAAAAAAAAAA,100 mg,,
4ce97c6f-aaeb-5f3e-9e49-3c8e052bc268,,"Nystatin Ointment, 100,000 IU",80945AAAAAAAAAAAAAAAAAAAAAAAAAAAAAAA,162776AAAAAAAAAAAAAAAAAAAAAAAAAAAAAA,"100,000 IU",,
0c29296a-b263-56c7-94d3-1e6c4eef357a,,"Nystatin Suspension, 100,000 IU/mL",80945AAAAAAAAAAAAAAAAAAAAAAAAAAAAAAA,162462AAAAAAAAAAAAAAAAAAAAAAAAAAAAAA,"100,000 IU/mL",,
e6849c7a-65ab-5c4c-b2b8-feaa0b51d717,,"Nystatin Pessary, 100,000 IU",80945AAAAAAAAAAAAAAAAAAAAAAAAAAAAAAA,162474AAAAAAAAAAAAAAAAAAAAAAAAAAAAAA,"100,000 IU",,
000e04d6-abbd-5668-b597-31a571ab64be,,"Nystatin Tablet, 500,000 IU",80945AAAAAAAAAAAAAAAAAAAAAAAAAAAAAAA,1513AAAAAAAAAAAAAAAAAAAAAAAAAAAAAAAA,"500,000 IU",,
e1275525-c0bd-5ab1-a2f3-74bdb29cabe7,,"Omeprazole Injection, 40 mg",81041AAAAAAAAAAAAAAAAAAAAAAAAAAAAAAA,1516AAAAAAAAAAAAAAAAAAAAAAAAAAAAAAAA,40 mg,,
c6a550cb-3a69-5c12-b493-18a719e765e6,,"Omeprazole Tablet, 20 mg",81041AAAAAAAAAAAAAAAAAAAAAAAAAAAAAAA,1513AAAAAAAAAAAAAAAAAAAAAAAAAAAAAAAA,20 mg,,
64bb62fc-d771-5124-9fa7-32d1bb7eedd5,,Oral Rehydration Salts Powder,351AAAAAAAAAAAAAAAAAAAAAAAAAAAAAAAAA,162452AAAAAAAAAAAAAAAAAAAAAAAAAAAAAA,,,
a7eb9be3-29d2-58e8-a06f-8b450ec14290,,"Oxytocin Injection, 5 units/mL",81369AAAAAAAAAAAAAAAAAAAAAAAAAAAAAAA,1516AAAAAAAAAAAAAAAAAAAAAAAAAAAAAAAA,5 units/mL,,
891f4a30-3459-56bc-9678-54a978b261b7,,"Oxytocin Injection, 10 units/mL",81369AAAAAAAAAAAAAAAAAAAAAAAAAAAAAAA,1516AAAAAAAAAAAAAAAAAAAAAAAAAAAAAAAA,10 units/mL,,
7fe199b3-28fe-54f5-ac50-358847115ecd,,"Paracetamol Suppository, 125 mg",70116AAAAAAAAAAAAAAAAAAAAAAAAAAAAAAA,162458AAAAAAAAAAAAAAAAAAAAAAAAAAAAAA,125 mg,,
50dcdc59-1365-5d37-ac4a-b9d7d92a07c5,,"Paracetamol Suppository, 250 mg",70116AAAAAAAAAAAAAAAAAAAAAAAAAAAAAAA,162458AAAAAAAAAAAAAAAAAAAAAAAAAAAAAA,250 mg,,
d14cc93d-a97c-57bf-8c02-9cf7ff473ee6,,"Paracetamol Suppository, 500 mg",70116AAAAAAAAAAAAAAAAAAAAAAAAAAAAAAA,162458AAAAAAAAAAAAAAAAAAAAAAAAAAAAAA,500 mg,,
4ef165db-b002-5ed5-a62e-9dccaa928dbb,,"Paracetamol Syrup, 120 mg/5 mL",70116AAAAAAAAAAAAAAAAAAAAAAAAAAAAAAA,1515AAAAAAAAAAAAAAAAAAAAAAAAAAAAAAAA,120 mg/5 mL,,
1e4d99d5-6964-57e3-b67e-5b321e6a7a18,,"Paracetamol Tablet, 500 mg",70116AAAAAAAAAAAAAAAAAAAAAAAAAAAAAAA,1513AAAAAAAAAAAAAAAAAAAAAAAAAAAAAAAA,500 mg,,
75c40b89-b471-5545-98fb-1c2cb2080ed5,,Paraffin Liquid,81568AAAAAAAAAAAAAAAAAAAAAAAAAAAAAAA,162770AAAAAAAAAAAAAAAAAAAAAAAAAAAAAA,,,
4b01c4ec-439d-54f4-8408-d6e3dbd4aa06,,"Pethidine Injection, 50 mg/mL in 2 mL",79574AAAAAAAAAAAAAAAAAAAAAAAAAAAAAAA,1516AAAAAAAAAAAAAAAAAAAAAAAAAAAAAAAA,50 mg/mL in 2 mL,,
a21262b5-21d2-58b0-89d4-cd3ecf47f328,,"Phenobarbital Elixir, 15 mg/5 mL",81951AAAAAAAAAAAAAAAAAAAAAAAAAAAAAAA,162770AAAAAAAAAAAAAAAAAAAAAAAAAAAAAA,15 mg/5 mL,,
32400474-8548-5b7a-b23f-93ce5d85b84d,,"Phenobarbital Injection, 200 mg/mL",81951AAAAAAAAAAAAAAAAAAAAAAAAAAAAAAA,1516AAAAAAAAAAAAAAAAAAAAAAAAAAAAAAAA,200 mg/mL,,
dfe79598-a312-5104-91f8-6653a1af3df2,,"Phenobarbital Tablet, 30 mg",81951AAAAAAAAAAAAAAAAAAAAAAAAAAAAAAA,1513AAAAAAAAAAAAAAAAAAAAAAAAAAAAAAAA,30 mg,,
a4b8ac0a-6505-5599-8aa0-221169d7b9fa,,"Phenobarbital Tablet, 60 mg",81951AAAAAAAAAAAAAAAAAAAAAAAAAAAAAAA,1513AAAAAAAAAAAAAAAAAAAAAAAAAAAAAAAA,60 mg,,
1c9f395b-0c72-5885-b1a3-120c1af9f20b,,"Phenytoin Sodium Capsule, 100 mg",82024AAAAAAAAAAAAAAAAAAAAAAAAAAAAAAA,1608AAAAAAAAAAAAAAAAAAAAAAAAAAAAAAAA,100 mg,,
300658f8-5683-52eb-86d7-ef72833633db,,"Phenytoin Sodium Tablet, 100 mg",82024AAAAAAAAAAAAAAAAAAAAAAAAAAAAAAA,1513AAAAAAAAAAAAAAAAAAAAAAAAAAAAAAAA,100 mg,,
87f321f6-bdad-5aad-a398-bf30c57aab01,,"Phenoxymethyl Penicillin Tablet, 250 mg",81730AAAAAAAAAAAAAAAAAAAAAAAAAAAAAAA,1513AAAAAAAAAAAAAAAAAAAAAAAAAAAAAAAA,250 mg,,
296619f0-464a-50c9-bf95-5e6540239c39,,"Phytomenadione Injection, 1 mg/mL (Paediatric)",86353AAAAAAAAAAAAAAAAAAAAAAAAAAAAAAA,1516AAAAAAAAAAAAAAAAAAAAAAAAAAAAAAAA,1 mg/mL (Paediatric),,
b480708b-c5e8-52b0-8b18-364028d72c4a,,"Phytomenadione Injection, 10 mg/mL",86353AAAAAAAAAAAAAAAAAAAAAAAAAAAAAAA,1516AAAAAAAAAAAAAAAAAAAAAAAAAAAAAAAA,10 mg/mL,,
9740f79c-69a8-57bf-8e69-14252239247c,,"Pilocarpine Eye Drops, 2%",82082AAAAAAAAAAAAAAAAAAAAAAAAAAAAAAA,160054AAAAAAAAAAAAAAAAAAAAAAAAAAAAAA,2%,,
0fdc3c21-a65d-5214-bf0d-70690eea029a,,"Pilocarpine Eye Drops, 4%",82082AAAAAAAAAAAAAAAAAAAAAAAAAAAAAAA,160054AAAAAAAAAAAAAAAAAAAAAAAAAAAAAA,4%,,
3086f5c4-7be8-56b4-a934-76051e778534,,"Pioglitazone Tablet, 15 mg",82111AAAAAAAAAAAAAAAAAAAAAAAAAAAAAAA,1513AAAAAAAAAAAAAAAAAAAAAAAAAAAAAAAA,15 mg,,
2884a725-a3cb-5b97-a94b-8bee0286c99b,,"Pioglitazone Tablet, 30 mg",82111AAAAAAAAAAAAAAAAAAAAAAAAAAAAAAA,1513AAAAAAAAAAAAAAAAAAAAAAAAAAAAAAAA,30 mg,,
aab718f5-e9b5-5693-a4ec-7bd90596929f,,"Piracetam Tablet, 800 mg",82147AAAAAAAAAAAAAAAAAAAAAAAAAAAAAAA,1513AAAAAAAAAAAAAAAAAAAAAAAAAAAAAAAA,800 mg,,
f4914a2d-64b1-5eb7-87b3-2ea1ca15bfb4,,"Potassium Chloride Injection, 20 mEq/10 mL",82350AAAAAAAAAAAAAAAAAAAAAAAAAAAAAAA,1516AAAAAAAAAAAAAAAAAAAAAAAAAAAAAAAA,20 mEq/10 mL,,
a94ad0ec-a3c7-5d47-b756-fba59dc23f86,,"Potassium Chloride Tablet, 600 mg (Enteric Coated)",82350AAAAAAAAAAAAAAAAAAAAAAAAAAAAAAA,1513AAAAAAAAAAAAAAAAAAAAAAAAAAAAAAAA,600 mg (Enteric Coated),,
0b9703c8-5ff7-527b-888d-66b4028ddfe7,,"Potassium Citrate Mixture, BP",82353AAAAAAAAAAAAAAAAAAAAAAAAAAAAAAA,162770AAAAAAAAAAAAAAAAAAAAAAAAAAAAAA,BP,,
30b4b1f0-493e-5734-9435-84d761f7f5f8,,"Povidone Iodine Ointment, 10%",82384AAAAAAAAAAAAAAAAAAAAAAAAAAAAAAA,162776AAAAAAAAAAAAAAAAAAAAAAAAAAAAAA,10%,,
666b29e7-f39f-54ca-8de1-d63e4c0611d3,,"Povidone Iodine Aqueous Solution, 10%",82384AAAAAAAAAAAAAAAAAAAAAAAAAAAAAAA,162461AAAAAAAAAAAAAAAAAAAAAAAAAAAAAA,10%,,
a91a40b5-5fc7-5916-b84e-2b0ea44f3e29,,"Praziquantel Tablet, 600 mg",82416AAAAAAAAAAAAAAAAAAAAAAAAAAAAAAA,1513AAAAAAAAAAAAAAAAAAAAAAAAAAAAAAAA,600 mg,,
ed72511d-9271-5b92-96d4-4394a7f11dad,,"Prednisolone Dispersible Tablet, 5mg",82446AAAAAAAAAAAAAAAAAAAAAAAAAAAAAAA,162415AAAAAAAAAAAAAAAAAAAAAAAAAAAAAA,5mg,,
4d38c505-8f1d-59cb-b01a-55e1d72b6cba,,"Prednisolone Oral Solution, 5mg/5ml",82446AAAAAAAAAAAAAAAAAAAAAAAAAAAAAAA,162770AAAAAAAAAAAAAAAAAAAAAAAAAAAAAA,5mg/5ml,,
eb1a7306-26d2-5ca6-bbd9-4bdc6d1f17b3,,"Prednisolone Tablet, 5 mg",82446AAAAAAAAAAAAAAAAAAAAAAAAAAAAAAA,1513AAAAAAAAAAAAAAAAAAAAAAAAAAAAAAAA,5 mg,,
eb3d7bfa-d987-5d65-a8e5-c1461f0d5581,,"Primidone Tablet, 250 mg",82534AAAAAAAAAAAAAAAAAAAAAAAAAAAAAAA,1513AAAAAAAAAAAAAAAAAAAAAAAAAAAAAAAA,250 mg,,
760fb607-ae3b-5a37-a883-f7a22cc01b95,,"Procaine Benzylpenicillin Injection, 4 MU",81729AAAAAAAAAAAAAAAAAAAAAAAAAAAAAAA,1516AAAAAAAAAAAAAAAAAAAAAAAAAAAAAAAA,4 MU,,
ed18f2f7-cbf4-5aff-abde-840309def9e4,,"Promethazine Hydrochloride Elixir, 5 mg/5 mL",82670AAAAAAAAAAAAAAAAAAAAAAAAAAAAAAA,162770AAAAAAAAAAAAAAAAAAAAAAAAAAAAAA,5 mg/5 mL,,
e69861c7-244c-5d67-a556-26c8782c1a2d,,"Promethazine Hydrochloride Injection, 25 mg/mL in 2 mL",82670AAAAAAAAAAAAAAAAAAAAAAAAAAAAAAA,1516AAAAAAAAAAAAAAAAAAAAAAAAAAAAAAAA,25 mg/mL in 2 mL,,
e6ee2497-a22f-5622-acb1-1f2977c7b1e7,,"Promethazine Hydrochloride Tablet, 25 mg",82670AAAAAAAAAAAAAAAAAAAAAAAAAAAAAAA,1513AAAAAAAAAAAAAAAAAAAAAAAAAAAAAAAA,25 mg,,
e3afe0c0-83b8-5050-bbca-359e877a916b,,"Propranolol Tablet, 10 mg",82732AAAAAAAAAAAAAAAAAAAAAAAAAAAAAAA,1513AAAAAAAAAAAAAAAAAAAAAAAAAAAAAAAA,10 mg,,
c671a53c-ef75-55f8-ad38-b708ecba44a8,,"Propranolol Tablet, 40 mg",82732AAAAAAAAAAAAAAAAAAAAAAAAAAAAAAA,1513AAAAAAAAAAAAAAAAAAAAAAAAAAAAAAAA,40 mg,,
3c3f58e5-4d2c-5a36-be0a-d5075cce8359,,"Propranolol Tablet, 80 mg",82732AAAAAAAAAAAAAAAAAAAAAAAAAAAAAAA,1513AAAAAAAAAAAAAAAAAAAAAAAAAAAAAAAA,80 mg,,
b94ba729-b878-5729-9293-ca98772708ee,,"Promethazine Theoclate Tablet, 25 mg",82667AAAAAAAAAAAAAAAAAAAAAAAAAAAAAAA,1513AAAAAAAAAAAAAAAAAAAAAAAAAAAAAAAA,25 mg,,
29e26cb1-1842-51b8-9a49-a78a1bedf34d,,"Quinine Injection, 300 mg/mL in 2 mL",83023AAAAAAAAAAAAAAAAAAAAAAAAAAAAAAA,1516AAAAAAAAAAAAAAAAAAAAAAAAAAAAAAAA,300 mg/mL in 2 mL,,
389bf391-84f6-50b1-ab86-59d47870dfe9,,"Quinine Syrup, 75 mg/5 mL",83023AAAAAAAAAAAAAAAAAAAAAAAAAAAAAAA,1515AAAAAAAAAAAAAAAAAAAAAAAAAAAAAAAA,75 mg/5 mL,,
abb4a0dd-2cea-5fb2-b14b-0b5a5dd75f2d,,"Quinine Tablet, 300 mg",83023AAAAAAAAAAAAAAAAAAAAAAAAAAAAAAA,1513AAAAAAAAAAAAAAAAAAAAAAAAAAAAAAAA,300 mg,,
5c48ecee-65ae-5060-9101-8ead5cc7edc4,,"Ramipril Tablet, 2.5 mg",83067AAAAAAAAAAAAAAAAAAAAAAAAAAAAAAA,1513AAAAAAAAAAAAAAAAAAAAAAAAAAAAAAAA,2.5 mg,,
880a8a65-0bee-58e3-8e6e-f60d1b54b211,,"Ramipril Tablet, 5 mg",83067AAAAAAAAAAAAAAAAAAAAAAAAAAAAAAA,1513AAAAAAAAAAAAAAAAAAAAAAAAAAAAAAAA,5 mg,,
90c5c4dd-71ef-510a-aed3-8b8ac5c54406,,"Ranitidine Tablet, 150 mg",83075AAAAAAAAAAAAAAAAAAAAAAAAAAAAAAA,1513AAAAAAAAAAAAAAAAAAAAAAAAAAAAAAAA,150 mg,,
0cf6b8ac-9c21-50ec-8610-1c4785c80b05,,"Retinol Soft Capsule, 200,000 IU",86339AAAAAAAAAAAAAAAAAAAAAAAAAAAAAAA,1608AAAAAAAAAAAAAAAAAAAAAAAAAAAAAAAA,"200,000 IU",,
11b7b803-13e4-5290-b65b-63607d9532b0,,"Ringer - Lactate Solution, 500 mL",78617AAAAAAAAAAAAAAAAAAAAAAAAAAAAAAA,162461AAAAAAAAAAAAAAAAAAAAAAAAAAAAAA,500 mL,,
688540ed-3603-5f7b-b22d-809edc86a7cc,,"Salicylic Acid Ointment, 2%",83645AAAAAAAAAAAAAAAAAAAAAAAAAAAAAAA,162776AAAAAAAAAAAAAAAAAAAAAAAAAAAAAA,2%,,
f4c66a69-a44f-507a-b44c-bf9a7207441a,,"Salbutamol Inhaler, 100 microgram/metered dose, 200 doses",798AAAAAAAAAAAAAAAAAAAAAAAAAAAAAAAAA,162423AAAAAAAAAAAAAAAAAAAAAAAAAAAAAA,"100 microgram/metered dose, 200 doses",,
f0a6e31c-467a-51e8-8bab-0141c50dd23c,,"Salbutamol Nebuliser Solution, 2.5 mg",798AAAAAAAAAAAAAAAAAAAAAAAAAAAAAAAAA,162425AAAAAAAAAAAAAAAAAAAAAAAAAAAAAA,2.5 mg,,
1eb0065f-ba1c-516e-9ea6-06393a68c472,,"Salbutamol Nebuliser Solution, 5 mg",798AAAAAAAAAAAAAAAAAAAAAAAAAAAAAAAAA,162425AAAAAAAAAAAAAAAAAAAAAAAAAAAAAA,5 mg,,
c7c9c406-7fba-50ce-b8e1-7d51b655cc88,,"Salbutamol Syrup, 2 mg/5 mL",798AAAAAAAAAAAAAAAAAAAAAAAAAAAAAAAAA,1515AAAAAAAAAAAAAAAAAAAAAAAAAAAAAAAA,2 mg/5 mL,,
62fd7ec1-6f05-535c-a2a4-499a6da39ccf,,"Salbutamol Sulphate Injection, 500 microgram/mL in 1mL",798AAAAAAAAAAAAAAAAAAAAAAAAAAAAAAAAA,1516AAAAAAAAAAAAAAAAAAAAAAAAAAAAAAAA,500 microgram/mL in 1mL,,
97e432ec-f88a-598c-bb34-3000db2d5854,,"Secnidazole Tablet, 500 mg",83751AAAAAAAAAAAAAAAAAAAAAAAAAAAAAAA,1513AAAAAAAAAAAAAAAAAAAAAAAAAAAAAAAA,500 mg,,
45a17177-6cc9-57c9-90fe-9e49698b3174,,"Selenium Sulphide Shampoo, 2.5%",83774AAAAAAAAAAAAAAAAAAAAAAAAAAAAAAA,162459AAAAAAAAAAAAAAAAAAAAAAAAAAAAAA,2.5%,,
52fbed03-6137-5d34-9b35-c45daa997c1c,,"Silver Sulphadiazine Cream, 1%",83920AAAAAAAAAAAAAAAAAAAAAAAAAAAAAAA,162413AAAAAAAAAAAAAAAAAAAAAAAAAAAAAA,1%,,
0a37bd98-baff-5223-a1e1-9ef351ed9e3b,,"Simvastatin Tablet, 10 mg",83936AAAAAAAAAAAAAAAAAAAAAAAAAAAAAAA,1513AAAAAAAAAAAAAAAAAAAAAAAAAAAAAAAA,10 mg,,
7034a136-c5c7-5955-9392-c2c4a34725cc,,"Simvastatin Tablet, 20 mg",83936AAAAAAAAAAAAAAAAAAAAAAAAAAAAAAA,1513AAAAAAAAAAAAAAAAAAAAAAAAAAAAAAAA,20 mg,,
98c6da33-03df-5b07-855b-28af8c3083b6,,"Simvastatin Tablet, 40 mg",83936AAAAAAAAAAAAAAAAAAAAAAAAAAAAAAA,1513AAAAAAAAAAAAAAAAAAAAAAAAAAAAAAAA,40 mg,,
2e151071-d292-53ec-90bc-ae717995088c,,"Sodium Bicarbonate Injection, 8.4% in 10 mL",84041AAAAAAAAAAAAAAAAAAAAAAAAAAAAAAA,1516AAAAAAAAAAAAAAAAAAAAAAAAAAAAAAAA,8.4% in 10 mL,,
7a8c5328-c1c4-5182-be55-e356fbb055a9,,"Sodium Chloride Infusion, 0.45% (250 mL)",84047AAAAAAAAAAAAAAAAAAAAAAAAAAAAAAA,1516AAAAAAAAAAAAAAAAAAAAAAAAAAAAAAAA,0.45% (250 mL),,
5f9f9e73-7164-5247-929f-43d1b69beae5,,"Sodium Chloride Infusion, 0.9% (500 mL)",84047AAAAAAAAAAAAAAAAAAAAAAAAAAAAAAA,1516AAAAAAAAAAAAAAAAAAAAAAAAAAAAAAAA,0.9% (500 mL),,
64db5df5-7140-570c-a74b-f3aa1a7a90b0,,"Sodium Chloride Nasal Drops, 0.9%",84047AAAAAAAAAAAAAAAAAAAAAAAAAAAAAAA,162432AAAAAAAAAAAAAAAAAAAAAAAAAAAAAA,0.9%,,
6ec0a1c6-b7c9-56d2-83ed-0c1c5aa73b3c,,"Spironolactone Tablet, 25 mg",84239AAAAAAAAAAAAAAAAAAAAAAAAAAAAAAA,1513AAAAAAAAAAAAAAAAAAAAAAAAAAAAAAAA,25 mg,,
91aef63d-76da-5846-be96-5e1b1e9c2904,,"Spironolactone Tablet, 50 mg",84239AAAAAAAAAAAAAAAAAAAAAAAAAAAAAAA,1513AAAAAAAAAAAAAAAAAAAAAAAAAAAAAAAA,50 mg,,
ab673f61-6aea-5190-a06b-868d55df82a4,,"Tetracycline Capsule, 250 mg",84893AAAAAAAAAAAAAAAAAAAAAAAAAAAAAAA,1608AAAAAAAAAAAAAAAAAAAAAAAAAAAAAAAA,250 mg,,
569f4931-d726-5fcc-b780-6e1fdc914397,,"Tetracycline Eye Ointment, 1%",84893AAAAAAAAAAAAAAAAAAAAAAAAAAAAAAA,1520AAAAAAAAAAAAAAAAAAAAAAAAAAAAAAAA,1%,,
ff8377d6-7d41-5089-86c5-e4f9bb96f042,,"Theophylline Tablet, 200 mg (slow release)",84949AAAAAAAAAAAAAAAAAAAAAAAAAAAAAAA,1513AAAAAAAAAAAAAAAAAAAAAAAAAAAAAAAA,200 mg (slow release),,
15c31191-423d-5266-9d52-34cf163380b5,,"Thiamine Injection, 100mg/2mL",84995AAAAAAAAAAAAAAAAAAAAAAAAAAAAAAA,1516AAAAAAAAAAAAAAAAAAAAAAAAAAAAAAAA,100mg/2mL,,
dfcddbaf-4cf8-5bad-b902-940f569d090a,,"Thiamine Tablet, 50 mg",84995AAAAAAAAAAAAAAAAAAAAAAAAAAAAAAA,1513AAAAAAAAAAAAAAAAAAAAAAAAAAAAAAAA,50 mg,,
62daa2e2-8b02-537d-af49-7818cd97868e,,"Thiamine Tablet, 100 mg",84995AAAAAAAAAAAAAAAAAAAAAAAAAAAAAAA,1513AAAAAAAAAAAAAAAAAAAAAAAAAAAAAAAA,100 mg,,
0672ae0a-6ba5-5052-91a0-8744fa4a8a19,,"Tiabendazole Tablet, 500 mg",84994AAAAAAAAAAAAAAAAAAAAAAAAAAAAAAA,1513AAAAAAAAAAAAAAAAAAAAAAAAAAAAAAAA,500 mg,,
fc1d19f6-f511-54b1-8d14-21e2187c157c,,"Timolol Maleate Eye Drops, 0.5%",85134AAAAAAAAAAAAAAAAAAAAAAAAAAAAAAA,160054AAAAAAAAAAAAAAAAAAAAAAAAAAAAAA,0.5%,,
3a48b265-9f3b-5566-bea2-58cced3a5514,,"Tinidazole Capsule, 500 mg",85151AAAAAAAAAAAAAAAAAAAAAAAAAAAAAAA,1608AAAAAAAAAAAAAAAAAAAAAAAAAAAAAAAA,500 mg,,
77759bf2-d333-51ea-a410-4f3be4dd8459,,"Tolbutamide Tablet, 500 mg",85203AAAAAAAAAAAAAAAAAAAAAAAAAAAAAAA,1513AAAAAAAAAAAAAAAAAAAAAAAAAAAAAAAA,500 mg,,
be6150a3-63cc-5fe7-8deb-99b6d76f5720,,"Tranexamic Acid Capsule, 250 mg",85286AAAAAAAAAAAAAAAAAAAAAAAAAAAAAAA,1608AAAAAAAAAAAAAAAAAAAAAAAAAAAAAAAA,250 mg,,
a2bedb2c-3ffc-5794-b01c-f02c5cd94278,,"Tranexamic Acid Tablet, 500 mg",85286AAAAAAAAAAAAAAAAAAAAAAAAAAAAAAA,1513AAAAAAAAAAAAAAAAAAAAAAAAAAAAAAAA,500 mg,,
3b8b80a1-8a69-5f4f-b7ac-e453f0844e3b,,"Trihexyphenidyl Tablet, 2 mg",85463AAAAAAAAAAAAAAAAAAAAAAAAAAAAAAA,1513AAAAAAAAAAAAAAAAAAAAAAAAAAAAAAAA,2 mg,,
cd05e9db-4d0c-50fd-9f65-1294673a4715,,"Trihexyphenidyl Tablet, 5 mg",85463AAAAAAAAAAAAAAAAAAAAAAAAAAAAAAA,1513AAAAAAAAAAAAAAAAAAAAAAAAAAAAAAAA,5 mg,,
c0a2c3ed-266a-5ea1-a34e-8fcad0c39958,,"Verapamil Tablet, 40 mg",86176AAAAAAAAAAAAAAAAAAAAAAAAAAAAAAA,1513AAAAAAAAAAAAAAAAAAAAAAAAAAAAAAAA,40 mg,,
0d7988d5-2696-554c-a6e4-dcfabf42e66a,,"Verapamil Tablet, 80 mg",86176AAAAAAAAAAAAAAAAAAAAAAAAAAAAAAA,1513AAAAAAAAAAAAAAAAAAAAAAAAAAAAAAAA,80 mg,,
a0c117d7-2130-55fb-81c3-e91666b86cd2,,Water for Injection,163287AAAAAAAAAAAAAAAAAAAAAAAAAAAAAA,1516AAAAAAAAAAAAAAAAAAAAAAAAAAAAAAAA,,,
0af07950-2e6c-57aa-ad1a-1423060291c9,,"Zinc Tablet, 10 mg",86672AAAAAAAAAAAAAAAAAAAAAAAAAAAAAAA,1513AAAAAAAAAAAAAAAAAAAAAAAAAAAAAAAA,10 mg,,
671015b8-a02c-550f-8ffb-8b1498216d37,,"Zinc Tablet, 20 mg",86672AAAAAAAAAAAAAAAAAAAAAAAAAAAAAAA,1513AAAAAAAAAAAAAAAAAAAAAAAAAAAAAAAA,20 mg,,
