nhis_code,nhis_name,generic,form,strength,unit_of_pricing,price_ghs,level
ACETAZIN1,"Acetazolamide Injection, 500 mg",Acetazolamide,Injection,500 mg,Ampoule,17.16,C
ACETAZTA1,"Acetazolamide Tablet, 250 mg",Acetazolamide,Tablet,250 mg,Tablet,0.88,C
ACETYLDT1,"Acetylsalicylic Acid Tablet, 75 mg (Dispersible)",Acetylsalicylic Acid,Tablet,75 mg (Dispersible),Tablet,0.33,B2
ACETYLIN1,"Acetylcysteine Injection, 200 mg/mL",Acetylcysteine,Injection,200 mg/mL,1 mL,62.98,B1
ACETYLTA1,"Acetylsalicylic Acid Tablet, 300 mg",Acetylsalicylic Acid,Tablet,300 mg,Tablet,0.55,A
ACICLOCR1,"Acyclovir Cream, 5%",Acyclovir,Cream,5%,5G,38.50,C
ACICLOEO1,"Acyclovir Eye Ointment, 3%",Acyclovir,Eye Ointment,3%,2G,52.03,C
ACICLOIN1,"Acyclovir Injection, 250 mg vial",Acyclovir,Injection,250 mg vial,Vial,136.13,C
ACICLOSU2,"Acyclovir Suspension, 200 mg/5 mL",Acyclovir,Suspension,200 mg/5 mL,20 mL,276.91,B2
ACICLOTA1,"Acyclovir Tablet, 200 mg",Acyclovir,Tablet,200 mg,Tablet,1.98,B2
ACTCHAPO1,"Activated Charcoal Powder, 50 g",Activated Charcoal,Powder,50 g,50 G,38.56,A
ACTINOIN1,Actinomycin D Injection 0.5 mg Intravenous,Actinomycin D,Injection,0.5 mg Intravenous,Vial,205.57,D
ADRENAIN1,"Adrenaline Injection, 1 mg/1mL (1:1000)",Adrenaline,Injection,1 mg/1mL (1:1000),1 mL,7.70,M
ADRENAIN2,"Adrenaline Injection, 1:10,000",Adrenaline,Injection,"1:10,000",Vial,6.55,M
ADRIAMIN1,"Adriamycin Injection, 50 mg",Adriamycin,Injection,50 mg,Vial,172.59,D
ALBENDSY1,"Albendazole Syrup, 100 mg/5 mL",Albendazole,Syrup,100 mg/5 mL,20 mL,4.10,A
ALBENDTA1,"Albendazole Tablet, 200 mg",Albendazole,Tablet,200 mg,Tablet,4.68,A
ALBENDTA2,"Albendazole Tablet, 400 mg",Albendazole,Tablet,400 mg,Tablet,1.17,A
ALLOPUTA1,"Allopurinol Tablet, 100 mg",Allopurinol,Tablet,100 mg,Tablet,0.94,B1
ALLOPUTA2,"Allopurinol Tablet, 300 mg",Allopurinol,Tablet,300 mg,Tablet,1.10,B1
AMIACIIN1,"Amino Acid Solution Injection, 10%",Amino Acid,Solution,"Injection, 10%",200 mL,106.00,D
AMIACIIN2,"Amino Acid Solution Injection, 20%",Amino Acid,Solution,"Injection, 20%",200 mL,48.05,D
AMINOPIN1,"Aminophylline Injection, 250 mg/10 mL",Aminophylline,Injection,250 mg/10 mL,Ampoule,11.55,B2
AMIODATA1,"Amiodarone Tablet, 200 mg",Amiodarone,Tablet,200 mg,Tablet,1.93,SM
AMITRITA1,"Amitriptyline Tablet, 10 mg",Amitriptyline,Tablet,10 mg,Tablet,0.66,B1
AMITRITA2,"Amitriptyline Tablet, 25 mg",Amitriptyline,Tablet,25 mg,Tablet,0.18,B2
AMITRITA3,"Amitriptyline Tablet, 50 mg",Amitriptyline,Tablet,50 mg,Tablet,0.66,B1
AMLODITA1,"Amlodipine Tablet, 5 mg",Amlodipine,Tablet,5 mg,Tablet,0.11,B1
AMLODITA2,"Amlodipine Tablet, 10 mg",Amlodipine,Tablet,10 mg,Tablet,0.12,B1
AMOARTPO1,"Amodiaquine + Artesunate Granular Powder, 75 mg + 25 mg",Amodiaquine + Artesunate,Powder,75 mg + 25 mg,Sachet,13.97,A
AMOARTPO2,"Amodiaquine + Artesunate Granular Powder, 150 mg + 50 mg",Amodiaquine + Artesunate,Powder,150 mg + 50 mg,Sachet,5.78,A
AMOARTTA1,"Amodiaquine + Artesunate Tablet, 67.5 mg + 25 mg (6 tabs)",Amodiaquine + Artesunate,Tablet,67.5 mg + 25 mg (6 tabs),1 Course,5.15,A
AMOARTTA2,"Amodiaquine + Artesunate Tablet, 135 mg + 50 mg (12 tabs)",Amodiaquine + Artesunate,Tablet,135 mg + 50 mg (12 tabs),1 Course,5.07,A
AMOARTTA3,"Amodiaquine + Artesunate Tablet, 67.5 mg + 25 mg (3's)",Amodiaquine + Artesunate,Tablet,67.5 mg + 25 mg (3's),1 Course,0.65,A
AMOARTTA4,"Amodiaquine + Artesunate Tablet, 135 mg + 50 mg (3's)",Amodiaquine + Artesunate,Tablet,135 mg + 50 mg (3's),1 Course,0.70,A
AMOARTTA5,"Amodiaquine + Artesunate Tablet, 270 mg + 100 mg (3's)",Amodiaquine + Artesunate,Tablet,270 mg + 100 mg (3's),1 Course,1.28,A
AMOARTTA6,"Amodiaquine + Artesunate Tablet, 270 mg + 100 mg (6's)",Amodiaquine + Artesunate,Tablet,270 mg + 100 mg (6's),1 Course,2.15,A
AMOXICCA1,"Amoxicillin Capsule, 250 mg",Amoxicillin,Capsule,250 mg,Capsule,0.47,A
AMOXICCA2,"Amoxicillin Capsule, 500 mg",Amoxicillin,Capsule,500 mg,Capsule,0.83,A
AMOXICDT1,"Amoxicillin 250 mg, Dispersible Tablet",Amoxicillin,Dispersible Tablet,250 mg,Tablet,1.87,A
AMOXICSU1,"Amoxicillin Suspension, 125 mg/5 mL",Amoxicillin,Suspension,125 mg/5 mL,100 mL,16.50,A
AMPICIIN1,"Ampicillin Injection, 500 mg",Ampicillin,Injection,500 mg,Vial,3.85,B1
ANASTRTA1,"Anastrozole Tablet, 1 mg",Anastrozole,Tablet,1 mg,Tablet,9.68,SM
ANIMGLIN1,"Anti RH Immunoglobulin Injection, 1500IU /5ml",Anti RH Immunoglobulin,Injection,1500IU /5ml,Vial,827.20,C
ANTESEIN1,Anti Tetanus Serum Injection 1500 IU,Anti Tetanus Serum,Injection,1500 IU,Vial,42.85,B1
AQUEOUCR1,Aqueous Cream BP,Aqueous Cream,Cream,BP,100 G,29.98,A
ARTEMEIN2,Artemether Injection 80mg/mL,Artemether,Injection,80mg/mL,Ampoule,5.50,B2
ARTESUIN1,"Artesunate Injection, 30 mg",Artesunate,Injection,30 mg,Vial,3.18,B2
ARTESUIN2,"Artesunate Injection, 60 mg",Artesunate,Injection,60 mg,Vial,3.18,B2
ARTESUIN3,Artesunate injection 120mg,Artesunate,Injection,120mg,Vial,6.25,B2
ARTESURE1,"Artesunate Suppository, 50 mg",Artesunate,Suppository,50 mg,Supp.,5.49,A
ARTESURE2,Artesunate suppository 100mg,Artesunate,Suppository,100mg,Supp,6.05,A
ARTLUMDT1,"Artermether + Lumefantrine Dispersible, (20 mg + 120 mg) Tablet",Artemether + Lumefantrine,Dispersible Tablet,20 mg + 120 mg,6 Tablets,4.39,A
ARTLUMSU1,"Artemether + Lumefantrine Suspension, (Powder For Reconstitution) 20 mg + 120 mg / 5 mL",Artemether + Lumefantrine,Suspension,(Powder For Reconstitution) 20 mg + 120 mg / 5 mL,100 mL,25.85,A
ARTLUMTA1,"Artemether + Lumefantrine Tablet, 20 mg + 120 mg (24’s)",Artemether + Lumefantrine,Tablet,20 mg + 120 mg (24’s),1 Course,2.24,A
ARTLUMTA2,"Artemether + Lumefantrine Tablet, 20 mg + 120 mg (6's)",Artemether + Lumefantrine,Tablet,20 mg + 120 mg (6's),1 Course,0.61,A
ARTLUMTA3,"Artemether + Lumefantrine Tablet, 20 mg + 120 mg (12's)",Artemether + Lumefantrine,Tablet,20 mg + 120 mg (12's),1 Course,1.25,A
ARTLUMTA4,"Artemether + Lumefantrine Tablet, 20 mg + 120 mg (18's)",Artemether + Lumefantrine,Tablet,20 mg + 120 mg (18's),1 Course,1.88,A
ATEHYDTA1,"Atenolol + Hydrochlorthiazide Tablet, 50 mg + 25 mg",Atenolol + Hydrochlorthiazide,Tablet,50 mg + 25 mg,Tablet,0.77,B2
ATEHYDTA2,"Atenolol + Hydrochlorthiazide Tablet, 100 mg + 25 mg",Atenolol + Hydrochlorthiazide,Tablet,100 mg + 25 mg,Tablet,1.20,B2
ATENOLIN1,"Atenolol Injection, 500 microgram/10 mL",Atenolol,Injection,500 microgram/10 mL,Ampoule,8.98,D
ATENOLTA1,"Atenolol Tablet, 25 mg",Atenolol,Tablet,25 mg,Tablet,1.10,B2
ATENOLTA2,"Atenolol Tablet, 50 mg",Atenolol,Tablet,50 mg,Tablet,0.54,B2
ATENOLTA3,"Atenolol Tablet, 100 mg",Atenolol,Tablet,100 mg,Tablet,1.10,B2
ATORVATA1,"Atorvastatin Tablet, 10 mg",Atorvastatin,Tablet,10 mg,Tablet,0.23,C
ATORVATA2,"Atorvastatin Tablet, 20 mg",Atorvastatin,Tablet,20 mg,Tablet,0.30,C
ATROPIID1,"Atropine Eye Drops, 1%",Atropine,Eye Drops,1%,10 mL,36.30,C
ATROPIIN1,"Atropine Injection, 0.6 mg/mL",Atropine,Injection,0.6 mg/mL,1 mL,5.50,B2
AZITHRCA1,"Azithromycin Capsule, 250 mg",Azithromycin,Capsule,250 mg,Capsule,3.58,C
AZITHRSU1,"Azithromycin Oral Suspension, 200 mg/5 mL/15mL",Azithromycin,Oral Suspension,200 mg/5 mL/15mL,15 mL,35.20,C
AZITHRSU2,"Azithromycin Oral Suspension, 200 mg/5 mL/30mL",Azithromycin,Oral Suspension,200 mg/5 mL/30mL,30 mL,40.13,C
BADOESIN1,"Badoe's Solution Injection, 1000 mL",Badoe's,Solution,"Injection, 1000 mL",1000 mL,22.00,B1
BEACSAOI1,"Benzoic Acid + Salicylic Acid Ointment, 6% + 3%",Benzoic Acid + Salicylic Acid,Ointment,6% + 3%,25 G,17.60,B1
BECDIPGA1,"Beclometasone dipropionate Inhaler, 50 microgram/metered dose (200 doses)",Beclometasone dipropionate,Inhaler,50 microgram/metered dose (200 doses),Inhaler,119.90,B2
BECDIPGA2,"Beclometasone dipropionate Inhaler, 100 microgram/metered dose (200 doses)",Beclometasone dipropionate,Inhaler,100 microgram/metered dose (200 doses),Inhaler,87.94,B2
BECDIPGA3,"Beclometasone dipropionate Inhaler, 200 microgram/metered dose (200 doses)",Beclometasone dipropionate,Inhaler,200 microgram/metered dose (200 doses),Inhaler,87.94,B2
BENBENLO1,"Benzyl Benzoate Lotion, 25%",Benzyl Benzoate,Lotion,25%,30mL,24.86,A
BENBENLO2,"Benzyl Benzoate Lotion, 25%",Benzyl Benzoate,Lotion,25%,100 mL,28.60,A
BENDROTA1,"Bendroflumethiazide Tablet, 2.5 mg",Bendroflumethiazide,Tablet,2.5 mg,Tablet,0.12,B1
BENPERCR1,"Benzoyl Peroxide Cream, 5%",Benzoyl Peroxide,Cream,5%,30 G,118.25,C
BENPERCR2,"Benzoyl Peroxide Cream, 10%",Benzoyl Peroxide,Cream,10%,30 G,131.45,C
BENZATIN1,"Benzatropine Injection, 1 mg/mL",Benzatropine,Injection,1 mg/mL,1 mL,110.20,C
BENZATTA1,"Benzatropine Tablet, 2 mg",Benzatropine,Tablet,2 mg,Tablet,6.93,C
BENZYLIN1,"Benzylpenicillin Injection, 1 MU",Benzylpenicillin,Injection,1 MU,Vial,3.30,B1
BENZYLIN2,"Benzylpenicillin Injection, 5 MU",Benzylpenicillin,Injection,5 MU,Vial,11.00,B1
BETAXOID1,"Betaxolol HCL Eye Drops, 0.5%",Betaxolol HCL,Eye Drops,0.5%,5 mL,19.89,C
BETVALCR2,"Betamethasone Valerate cream, 0.1%",Betamethasone Valerate,Cream,0.1%,15 G,38.50,D
BISACOTA1,"Bisacodyl Tablet, 5 mg",Bisacodyl,Tablet,5 mg,Tablet,1.10,B1
BISOPRTA1,Bisoprolol Tablet 5 mg,Bisoprolol,Tablet,5 mg,Tablet,0.98,B2
BISOPRTA2,Bisoprolol Tablet 10 mg,Bisoprolol,Tablet,10 mg,Tablet,1.02,B2
BROMOCTA1,"Bromocriptine Tablet, 2.5 mg",Bromocriptine,Tablet,2.5 mg,Tablet,9.46,D
BUDESOGA1,"Budesonide DPI, 100 microgram (100 Doses)",Budesonide,Inhaler,100 microgram (100 Doses),Inhaler,108.11,B2
BUDESOGA2,"Budesonide DPI, 200 microgram (100 Doses)",Budesonide,Inhaler,200 microgram (100 Doses),Inhaler,212.78,B2
BUDFORGA1,Budesonide + Formoterol Inhaler 80 microgram/4.5 microgram (60 Doses),Budesonide + Formoterol,Inhaler,80 microgram/4.5 microgram (60 Doses),Inhaler,143.00,B2
BUDFORGA2,Budesonide + Formoterol Inhaler 160 microgram/4.5 microgram (60 Doses),Budesonide + Formoterol,Inhaler,160 microgram/4.5 microgram (60 Doses),Inhaler,151.25,B2
CALAMICR1,"Calamine Cream, 15%",Calamine,Cream,15%,40 G,18.04,A
CALAMILO1,"Calamine Lotion, 15%",Calamine,Lotion,15%,200 mL,11.55,A
CALCARTA1,"Calcium Carbonate Tablet, 500 mg",Calcium Carbonate,Tablet,500 mg,Tablet,3.30,B1
CALCIFTA1,"Calciferol Tablet, 10,000 units",Calciferol,Tablet,"10,000 units",Tablet,4.78,D
CALGLUIN1,"Calcium Gluconate Injection, 100 mg/mL in 10 mL",Calcium Gluconate,Injection,100 mg/mL in 10 mL,Ampoule,29.70,B2
CALVITTA1,"Calcium with Vitamin D Tablet, (97 mg + 10 microgram)",Calcium with Vitamin D,Tablet,(97 mg + 10 microgram),Tablet,1.47,M
CAPECITA1,"Capecitabine Tablet, 500 mg",Capecitabine,Tablet,500 mg,Tablet,19.14,D
CARBAMTA1,"Carbamazepine Tablet, 100 mg",Carbamazepine,Tablet,100 mg,Tablet,1.21,B2
CARBAMTA2,"Carbamazepine Tablet, 200 mg",Carbamazepine,Tablet,200 mg,Tablet,1.05,B2
CARBAMTA3,"Carbamazepine Sustained-Release Tablet, 200 mg",Carbamazepine Sustained-Release,Tablet,200 mg,Tablet,2.92,C
CARBAMTA4,"Carbamazepine Sustained-Release Tablet, 400 mg",Carbamazepine Sustained-Release,Tablet,400 mg,Tablet,6.22,C
CARBIMTA1,"Carbimazole Tablet, 5 mg",Carbimazole,Tablet,5 mg,Tablet,1.16,C
CARBIMTA2,"Carbimazole Tablet, 20 mg",Carbimazole,Tablet,20 mg,Tablet,2.20,C
CARBOCSY1,"Carbocisteine Paediatric Syrup , 125 mg/5 mL",Carbocisteine Paediatric,Syrup,125 mg/5 mL,100 mL,14.30,B1
CARBOCSY2,"Carbocisteine Syrup, 250 mg/5 mL",Carbocisteine,Syrup,250 mg/5 mL,100 mL,11.06,B1
CARBOPIN1,"Carboplatin Injection, 150 mg Intravenous",Carboplatin,Injection,150 mg Intravenous,Vial,385.00,D
CARBOPIN2,"Carboplatin Injection, 450 mg Intravenous",Carboplatin,Injection,450 mg Intravenous,Vial,559.68,D
CARVEDTA1,Carvedilol Tablet 3.125 mg,Carvedilol,Tablet,3.125 mg,Tablet,1.05,D
CARVEDTA2,Carvedilol Tablet 12.5 mg,Carvedilol,Tablet,12.5 mg,Tablet,1.41,D
CEFACLCA1,"Cefaclor Capsule, 250 mg",Cefaclor,Capsule,250 mg,Capsule,6.86,B2
CEFACLCA2,"Cefaclor Capsule, 500 mg",Cefaclor,Capsule,500 mg,Capsule,12.65,B2
CEFACLSU1,"Cefaclor Suspension, 125 mg/5 mL",Cefaclor,Suspension,125 mg/5 mL,100 mL,40.15,B2
CEFACLSU2,"Cefaclor Suspension, 250 mg/5 mL",Cefaclor,Suspension,250 mg/5 mL,100 mL,59.95,B2
CEFOTAIN1,"Cefotaxime Injection, 500 mg",Cefotaxime,Injection,500 mg,Vial,14.85,C
CEFOTAIN2,"Cefotaxime Injection, 1 g",Cefotaxime,Injection,1 g,Vial,20.20,C
CEFTRIIN2,"Ceftriazone Injection, 500 mg",Ceftriazone,Injection,500 mg,Vial,8.80,C
CEFTRIIN3,"Ceftriazone Injection, 1g",Ceftriazone,Injection,1g,Vial,13.20,C
CEFUROIN1,"Cefuroxime Injection, 750 mg",Cefuroxime,Injection,750 mg,Vial,13.20,B2
CEFUROIN2,Cefuroxime Injection 1.5 g,Cefuroxime,Injection,1.5 g,Vial,35.42,B2
CEFUROSU1,"Cefuroxime Suspension, 125 mg/5 mL",Cefuroxime,Suspension,125 mg/5 mL,50mL,20.56,B2
CEFUROTA1,"Cefuroxime Tablet, 125 mg",Cefuroxime,Tablet,125 mg,Tablet,4.29,B2
CEFUROTA2,"Cefuroxime Tablet, 250 mg",Cefuroxime,Tablet,250 mg,Tablet,2.17,B2
CELECOTA1,Celecoxib Tablet 100 mg,Celecoxib,Tablet,100 mg,Tablet,1.32,C
CELECOTA2,Celecoxib Tablet 200 mg,Celecoxib,Tablet,200 mg,Tablet,2.75,C
CETIRISY1,"Cetirizine Syrup, 5 mg/5 mL",Cetirizine,Syrup,5 mg/5 mL,30 mL,8.80,B2
CETIRITA1,"Cetirizine Tablet, 10 mg",Cetirizine,Tablet,10 mg,Tablet,0.07,A
CETRIMSO1,Cetrimide Solution,Cetrimide,Solution,,200 mL,7.15,M
CHLORAED1,"Chloramphenicol Ear Drops, 5%",Chloramphenicol,Ear Drops,5%,10 mL,6.88,A
CHLORAEO1,"Chloramphenicol Eye Ointment, 1%",Chloramphenicol,Eye Ointment,1%,5 G,8.80,A
CHLORAID1,"Chloramphenicol Eye Drops, 0.5%",Chloramphenicol,Eye Drops,0.5%,10 mL,6.38,A
CHLORAIN1,"Chloramphenicol Injection, 1 g",Chloramphenicol,Injection,1 g,1 G,1.65,C
CHLORASU1,"Chloramphenicol Suspension, 125mg/5mL",Chloramphenicol,Suspension,125mg/5mL,100 mL,8.58,B2
CHLORHCR1,"Chlorhexidine Cream, 1%",Chlorhexidine,Cream,1%,15 G,28.60,A
CHLORHGE1,Chlorhexidine Gel 7.1 % ( digluconate ) delivering 4% chlorhexidine,Chlorhexidine,Gel,7.1 % ( digluconate ) delivering 4% chlorhexidine,25g,24.75,A
CHLORHMW2,Chlorhexidine Mouth wash 0.12%,Chlorhexidine,Mouth Wash,0.12%,300ml,22.69,A
CHLORHSO1,"Chlorhexidine Solution, 2.5%",Chlorhexidine,Solution,2.5%,100 mL,75.13,A
CHLPHESY1,"Chlorphenamine Syrup, 2 mg/5 mL",Chlorphenamine,Syrup,2 mg/5 mL,100 mL,11.00,A
CHLPHETA1,"Chlorphenamine Tablet, 4 mg",Chlorphenamine,Tablet,4 mg,Tablet,0.17,A
CHLPROIN1,"Chlorpromazine Injection, 25 mg/mL in 2 mL",Chlorpromazine,Injection,25 mg/mL in 2 mL,Ampoule,7.70,B2
CHLPROTA1,"Chlorpromazine Tablet, 25 mg",Chlorpromazine,Tablet,25 mg,Tablet,5.94,B1
CHLPROTA2,"Chlorpromazine Tablet, 50 mg",Chlorpromazine,Tablet,50 mg,Tablet,0.20,B1
CHLPROTA3,"Chlorpromazine Tablet, 100 mg",Chlorpromazine,Tablet,100 mg,Tablet,0.58,B1
CHREFLIN1,"Cholera Replacement Fluid Injection, (5:4:1) 500 mL",Cholera Replacement Fluid,Injection,(5:4:1) 500 mL,500 mL,10.98,B1
CHREFLIN2,"Cholera Replacement Fluid Injection, (5:4:1) 1 Litre",Cholera Replacement Fluid,Injection,(5:4:1) 1 Litre,1000 mL,19.60,B1
CIPROFID1,"Ciprofloxacin Eye Drops, 0.3%",Ciprofloxacin,Eye Drops,0.3%,10 mL,5.17,B2
CIPROFIN1,"Ciprofloxacin Infusion, 2 mg/mL in 100 mL",Ciprofloxacin,Infusion,2 mg/mL in 100 mL,Bottle,9.35,B2
CIPROFTA1,"Ciprofloxacin Tablet, 250 mg",Ciprofloxacin,Tablet,250 mg,Tablet,0.61,B1
CIPROFTA2,"Ciprofloxacin Tablet, 500 mg",Ciprofloxacin,Tablet,500 mg,Tablet,0.61,B1
CIPTINTA1,"Ciprofloxacin + Tinidazole Tablet, 500 mg + 500 mg",Ciprofloxacin + Tinidazole,Tablet,500 mg + 500 mg,Tablet,2.85,B2
CLARITCA1,"Clarithromycin Capsule, 250 mg",Clarithromycin,Capsule,250 mg,Capsule,3.08,C
CLARITCA2,"Clarithromycin Capsule, 500 mg",Clarithromycin,Capsule,500 mg,Capsule,5.50,C
CLARITSU1,"Clarithromycin Paediatric Suspension, 125 mg/5 mL",Clarithromycin Paediatric,Suspension,125 mg/5 mL,100 mL,110.28,C
CLINDACA1,"Clindamycin Capsule, 150 mg",Clindamycin,Capsule,150 mg,Capsule,0.77,C
CLINDAIN1,"Clindamycin Injection, 150 mg/mL in 2 mL",Clindamycin,Injection,150 mg/mL in 2 mL,Vial,29.17,C
CLINDASO1,"Clindamycin Topical Solution, 1%",Clindamycin Topical,Solution,1%,30 mL,100.10,C
CLINDASU1,"Clindamycin Suspension, 75 mg/5 mL",Clindamycin,Suspension,75 mg/5 mL,100 mL,207.90,C
CLOHYDCR1,"Clotrimazole + Hydrocortisone Cream, 1% + 1%",Clotrimazole + Hydrocortisone,Cream,1% + 1%,15 G,16.50,C
CLOPROCR1,"Clobetasol Propionate Cream, 0.05%",Clobetasol Propionate,Cream,0.05%,15 G,57.48,C
CLOTRICR1,"Clotrimazole Cream, 1%",Clotrimazole,Cream,1%,30 G,8.80,A
CLOTRICR2,"Clotrimazole Cream, 2%",Clotrimazole,Cream,2%,30 G,11.55,A
CLOTRIVP1,"Clotrimazole Pessary, 100 mg",Clotrimazole,Pessary,100 mg,6 Pess.,11.55,M
CLOTRIVP2,"Clotrimazole Pessary, 200 mg",Clotrimazole,Pessary,200 mg,3 Pess.,24.20,M
CLOTRIVP3,"Clotrimazole Pessary, 500 mg",Clotrimazole,Pessary,500 mg,1 Pess.,21.01,B1
CLOXACIN1,"Cloxacillin Injection, 250 mg",Cloxacillin,Injection,250 mg,Vial,2.71,B1
CLOXACIN2,"Cloxacillin Injection, 500 mg",Cloxacillin,Injection,500 mg,Vial,11.28,B1
COAMOXIN1,"Amoxicillin + Clavulanic Acid Injection, 500 mg + 100 mg",Amoxicillin + Clavulanic Acid,Injection,500 mg + 100 mg,Vial,18.70,B2
COAMOXIN2,"Amoxicillin + Clavulanic Acid Injection, 1.2g",Amoxicillin + Clavulanic Acid,Injection,1.2g,Vial,16.30,B2
COAMOXSU1,"Amoxicillin + Clavulanic Acid Suspension, 250 mg + 62 mg",Amoxicillin + Clavulanic Acid,Suspension,250 mg + 62 mg,70 mL,19.52,B1
COAMOXSU2,"Amoxicillin + Clavulanic Acid Suspension, 400 mg + 57 mg",Amoxicillin + Clavulanic Acid,Suspension,400 mg + 57 mg,70 mL,25.86,B1
COAMOXTA1,"Amoxicillin + Clavulanic Acid Tablet, 500 mg + 125 mg",Amoxicillin + Clavulanic Acid,Tablet,500 mg + 125 mg,Tablet,2.31,B1
COAMOXTA2,"Amoxicillin + Clavulanic Acid Tablet, 875 mg + 125 mg",Amoxicillin + Clavulanic Acid,Tablet,875 mg + 125 mg,Tablet,2.98,B2
CODEINTA1,"Codeine Tablet, 30 mg",Codeine,Tablet,30 mg,Tablet,1.80,B2
CONOESTA1,"Conjugated Oestrogen Tablet, 625 microgram",Conjugated Oestrogen,Tablet,625 microgram,Tablet,6.02,D
CONOESVC1,"Conjugated Oestrogen Vaginal cream, 625 microgram/g",Conjugated Oestrogen,Vaginal Cream,625 microgram/g,1 G,255.20,D
COOENOTA1,"Conjugated Oestrogen + Norgesterol Tablet, 625 microgram + 150 microgram",Conjugated Oestrogen + Norgesterol,Tablet,625 microgram + 150 microgram,Tablet,3.77,C
CORANTEO1,Corticosteroid + Antibiotic Eye Ointment,Corticosteroid + Antibiotic,Eye Ointment,,10 G,53.90,C
CORANTID1,Corticosteroid + Antibiotic Eye Drops,Corticosteroid + Antibiotic,Eye Drops,,10 mL,41.80,C
COTRIMSU1,"Co-trimoxazole Suspension, (200+40) mg/5 mL",Co-trimoxazole,Suspension,(200+40) mg/5 mL,100 mL,9.46,A
COTRIMTA1,"Cotrimoxazole Tablet, (400+80) mg",Cotrimoxazole,Tablet,(400+80) mg,Tablet,0.23,A
CYCLOPID1,"Cyclopentolate Eye Drops, 1%",Cyclopentolate,Eye Drops,1%,5 mL,42.13,SM
CYCLOPIN1,"Cyclophosphamide Injection, 500 mg",Cyclophosphamide,Injection,500 mg,Vial,39.47,D
DALSODIN1,"Dalteparin Sodium Injection, 5000 units/0.2 mL",Dalteparin Sodium,Injection,5000 units/0.2 mL,Prefilled Syringe,102.08,D
DARROWIN1,"Darrow's Solution Injection, Half Strength 250 mL",Darrow's,Solution,"Injection, Half Strength 250 mL",250 mL,8.71,B1
DESOCHIN1,"Dextrose in Sodium Chloride Intravenous Infusion, 4.3% in 0.18% (250 mL)",Dextrose in Sodium Chloride Intravenous,Infusion,4.3% in 0.18% (250 mL),250 mL,12.68,M
DESOCHIN2,"Dextrose in Sodium Chloride Intravenous Infusion, 5% in 0.9% (500 mL)",Dextrose in Sodium Chloride Intravenous,Infusion,5% in 0.9% (500 mL),500 mL,12.93,M
DEXAMEEO1,"Dexamethasone Eye Ointment, 1%",Dexamethasone,Eye Ointment,1%,5 G,42.63,C
DEXAMEID1,"Dexamethasone Eye Drops, 1%",Dexamethasone,Eye Drops,1%,5 mL,8.84,C
DEXAMEIN1,"Dexamethasone Injection, 4 mg/mL",Dexamethasone,Injection,4 mg/mL,1mL,3.03,C
DEXAMEIN2,"Dexamethasone Injection, 8 mg/2 mL",Dexamethasone,Injection,8 mg/2 mL,2mL,2.20,C
DEXAMETA1,"Dexamethasone Tablet, 500 microgram",Dexamethasone,Tablet,500 microgram,Tablet,0.06,D
DEXAMETA2,"Dexamethasone Tablet, 2 mg",Dexamethasone,Tablet,2 mg,Tablet,6.44,D
DEXAMETA3,"Dexamethasone Tablet, 4 mg",Dexamethasone,Tablet,4 mg,Tablet,4.71,D
DEXTROIN1,"Dextrose Infusion, 5% (250 mL)",Dextrose,Infusion,5% (250 mL),250 mL,11.00,M
DEXTROIN2,"Dextrose Infusion, 5% (500 mL)",Dextrose,Infusion,5% (500 mL),500 mL,11.86,M
DEXTROIN3,"Dextrose Infusion, 10% (250 mL)",Dextrose,Infusion,10% (250 mL),250 mL,9.65,B1
DEXTROIN4,"Dextrose Infusion, 10% (500 mL)",Dextrose,Infusion,10% (500 mL),500 mL,14.20,B1
DEXTROIN6,"Dextrose Infusion, 50% (250 mL)",Dextrose,Infusion,50% (250 mL),250 mL,17.42,B1
DEXTROTA1,Dextromethorphan Containing Cough Syrup,Dextromethorphan Containing Cough,Syrup,,100ml,40.70,B2
DIAZEPIN1,"Diazepam Injection, 5 mg/mL in 2 mL",Diazepam,Injection,5 mg/mL in 2 mL,Ampoule,7.90,B1
DIAZEPRS1,"Diazepam Rectal Tubes, 2 mg/mL in 1.25 mL",Diazepam,Rectal Solution,2 mg/mL in 1.25 mL,Rectal Tube,5.50,A
DIAZEPTA1,"Diazepam Tablet, 5 mg",Diazepam,Tablet,5 mg,Tablet,0.17,M
DIAZEPTA2,"Diazepam Tablet, 10 mg",Diazepam,Tablet,10 mg,Tablet,0.22,M
DICLOFCA1,"Diclofenac Capsule, 75 mg",Diclofenac,Capsule,75 mg,Capsule,0.40,B1
DICLOFGE1,Diclofenac Gel,Diclofenac,Gel,,30 G,5.41,M
DICLOFIN1,"Diclofenac Injection, 75mg/3mL",Diclofenac,Injection,75mg/3mL,Ampoule,1.10,B1
DICLOFRE1,"Diclofenac Suppository, 50 mg",Diclofenac,Suppository,50 mg,Supp.,1.71,A
DICLOFRE2,"Diclofenac Suppository, 100 mg",Diclofenac,Suppository,100 mg,Supp.,0.96,M
DICLOFTA2,"Diclofenac Tablet, 50 mg",Diclofenac,Tablet,50 mg,Tablet,0.13,A
DIESTITA1,"Diethylstilboestrol Tablet, 1 mg",Diethylstilboestrol,Tablet,1 mg,Tablet,0.11,SM
DIESTITA2,"Diethylstilboestrol Tablet, 5 mg",Diethylstilboestrol,Tablet,5 mg,Tablet,8.65,SM
DIGOXIEL1,"Digoxin Elixir, 50 microgram/mL",Digoxin,Elixir,50 microgram/mL,60 mL,1.38,C
DIGOXITA1,"Digoxin Tablet, 62.5 microgram",Digoxin,Tablet,62.5 microgram,Tablet,1.03,C
DIGOXITA2,"Digoxin Tablet, 125 microgram",Digoxin,Tablet,125 microgram,Tablet,1.71,C
DIGOXITA3,"Digoxin Tablet, 250 microgram",Digoxin,Tablet,250 microgram,Tablet,1.98,C
DIHPIPPO1,"Dihydroartemisin + Piperaquine Granular Powder, 10 mg + 80 mg",Dihydroartemisin + Piperaquine Granular,Powder,10 mg + 80 mg,Sachet,3.85,A
DIHYDRTA1,"Dihydrocodeine Tablet, 30 mg",Dihydrocodeine,Tablet,30 mg,Tablet,0.72,C
DISOPYCA1,"Disopyramide Capsule, 100 mg",Disopyramide,Capsule,100 mg,Capsule,6.60,D
DISPHOIN1,"Disopyramide Phosphate Injection, 10 mg/mL in 5 mL",Disopyramide Phosphate,Injection,10 mg/mL in 5 mL,Ampoule,357.50,D
DOCETAIN1,"Docetaxel Injection, 20 mg/mL",Docetaxel,Injection,20 mg/mL,Ampoule,212.50,D
DOMPERTA1,"Domperidone Tablet, 10 mg",Domperidone,Tablet,10 mg,Tablet,1.76,D
DOPAMIIN1,"Dopamine Injection, 40 mg/mL in 5 mL",Dopamine,Injection,40 mg/mL in 5 mL,Vial,24.75,D
DOXAPRIN1,"Doxapram Injection, 20 mg/mL in 5 mL",Doxapram,Injection,20 mg/mL in 5 mL,Vial,187.00,D
DOXORUIN1,Doxorubicin Injection 50 mg Intravenous,Doxorubicin,Injection,50 mg Intravenous,Vial,130.00,D
DOXYCYCA1,"Doxycycline Capsule, 100 mg",Doxycycline,Capsule,100 mg,Capsule,0.92,B1
ENOSODIN2,"Enoxaparin Sodium Injection, 40 mg/0.4 mL",Enoxaparin Sodium,Injection,40 mg/0.4 mL,Prefilled Syringe,126.50,B2
EPHEDRIN1,"Ephedrine HCI Injection, 30 mg/mL",Ephedrine HCI,Injection,30 mg/mL,Ampoule,23.10,C
EPHEDRND1,"Ephedrine Nasal Drops, 0.5%",Ephedrine,Nasal Drops,0.5%,10 mL,6.83,A
EPHEDRND2,"Ephedrine Nasal Drops, 1%",Ephedrine,Nasal Drops,1%,10 mL,9.90,A
ERGOMEIN1,"Ergometrine Injection, 0.2 mg/mL",Ergometrine,Injection,0.2 mg/mL,1 mL,10.04,M
ERGOMEIN2,"Ergometrine Injection, 0.5 mg/ml",Ergometrine,Injection,0.5 mg/ml,1 mL,12.10,M
ERGOMETA1,"Ergometrine Tablet, 0.5 mg",Ergometrine,Tablet,0.5 mg,Tablet,0.66,A
ERGOTATA1,"Ergotamine Tablet, 2 mg",Ergotamine,Tablet,2 mg,Tablet,5.15,C
ERYTHRSY1,"Erythromycin Syrup, 125 mg/5 mL",Erythromycin,Syrup,125 mg/5 mL,100 mL,23.65,B1
ERYTHRTA1,"Erythromycin Tablet, 250 mg",Erythromycin,Tablet,250 mg,Tablet,1.10,B1
ESOMEPCA1,"Esomeprazole Capsule, 20 mg",Esomeprazole,Capsule,20 mg,Capsule,1.98,C
ESOMEPCA2,"Esomeprazole Capsule, 40 mg",Esomeprazole,Capsule,40 mg,Capsule,3.40,C
ETHOSUSY1,"Ethosuximide Syrup, 250 mg/5 mL",Ethosuximide,Syrup,250 mg/5 mL,200 mL,21.51,D
ETHOSUTA1,"Ethosuximide Tablet, 250 mg",Ethosuximide,Tablet,250 mg,Tablet,4.95,D
ETOPOSIN1,Etoposide Injection 100 mg Intravenous,Etoposide,Injection,100 mg Intravenous,Vial,59.95,D
FEAMCISU1,Ferric Ammonium Citrate Mixture (FAC),Ferric Ammonium Citrate,Mixture,(FAC),200 mL,7.48,A
FERFUMTA1,"Ferrous Fumarate Tablet, 100 mg (Elemental Iron)",Ferrous Fumarate,Tablet,100 mg (Elemental Iron),Tablet,0.22,A
FERSULSY1,"Ferrous Sulphate (BPC) Syrup, 60 mg/5 mL",Ferrous Sulphate (BPC),Syrup,60 mg/5 mL,200 mL,18.70,A
FERSULTA1,"Ferrous Sulphate Tablet, 60 mg (Elemental Iron)",Ferrous Sulphate,Tablet,60 mg (Elemental Iron),Tablet,0.11,A
FESUFOTA1,"Ferrous Sulphate + Folic Acid Tablet, 50 mg (Elemental Iron) + 400 microgram",Ferrous Sulphate + Folic Acid,Tablet,50 mg (Elemental Iron) + 400 microgram,Tablet,0.67,A
FINASTTA1,"Finasteride Tablet, 5 mg",Finasteride,Tablet,5 mg,Tablet,4.33,SM
FLUCLOCA1,"Flucloxacillin Capsule, 250 mg",Flucloxacillin,Capsule,250 mg,Capsule,0.82,B2
FLUCLOIN1,"Flucloxacillin Injection, 250 mg",Flucloxacillin,Injection,250 mg,Vial,10.18,B2
FLUCLOIN2,"Flucloxacillin Injection, 500 mg",Flucloxacillin,Injection,500 mg,Vial,19.80,B2
FLUCLOSU1,"Flucloxacillin Suspension, 125 mg/5 mL",Flucloxacillin,Suspension,125 mg/5 mL,100 mL,15.95,B1
FLUCONCA1,"Fluconazole Capsule, 150 mg",Fluconazole,Capsule,150 mg,Capsule,10.67,B1
FLUCONCA2,"Fluconazole Capsule, 200 mg",Fluconazole,Capsule,200 mg,Capsule,8.80,B2
FLUCONSU1,"Fluconazole Suspension, 10 mg/mL",Fluconazole,Suspension,10 mg/mL,35 mL,32.45,B2
FLUCONSU2,"Fluconazole Suspension, 50 mg/5 mL",Fluconazole,Suspension,50 mg/5 mL,35 mL,50.00,B2
FLUCONTA1,"Fluconazole Tablet, 50 mg",Fluconazole,Tablet,50 mg,Tablet,27.72,B2
FLUDECIN1,"Fluphenazine Deconoate Injection, 25 mg/mL",Fluphenazine Deconoate,Injection,25 mg/mL,1 mL,12.21,SM
FLUDROTA1,"Fludrocortisone Tablet, 100 microgram",Fludrocortisone,Tablet,100 microgram,Tablet,10.78,D
FLUOXECA1,"Fluoxetine Capsule, 20 mg",Fluoxetine,Capsule,20 mg,Capsule,1.43,C
FLUPENTA1,"Flupentixol Tablet, 500 microgram",Flupentixol,Tablet,500 microgram,Tablet,1.53,C
FLUPENTA2,"Flupentixol Tablet, 1mg",Flupentixol,Tablet,1mg,Tablet,1.65,C
FLUSALGA1,"Fluticasone + Salmeterol Inhaler, 250 microgram/50 microgram (60 Doses)",Fluticasone + Salmeterol,Inhaler,250 microgram/50 microgram (60 Doses),Inhaler,275.00,B2
FLUTICGA2,"Fluticasone MDI, 125 microgram (120 Dose)",Fluticasone,Inhaler,125 microgram (120 Dose),Inhaler,191.73,B2
FLUTICGA3,"Fluticasone MDI, 250 microgram (120 Dose)",Fluticasone,Inhaler,250 microgram (120 Dose),Inhaler,128.70,B2
FLUVASCA1,"Fluvastatin Capsule, 20 mg",Fluvastatin,Capsule,20 mg,Capsule,1.69,D
FOLACITA1,"Folic Acid Tablet, 5 mg",Folic Acid,Tablet,5 mg,Tablet,0.05,A
FUROSEIN1,"Furosemide Injection, 10 mg/mL in 2 mL",Furosemide,Injection,10 mg/mL in 2 mL,Ampoule,1.56,B2
FUROSETA1,"Furosemide Tablet, 40 mg",Furosemide,Tablet,40 mg,Tablet,0.28,B1
GELATIIN1,Gelatin Infusion (Succinylated Gelatin),Gelatin,Infusion,(Succinylated Gelatin),500 mL,82.61,B2
GENTAMED1,"Gentamicin Ear Drops, 0.3%",Gentamicin,Ear Drops,0.3%,10mL,6.62,B1
GENTAMID1,"Gentamicin Eye Drops, 0.3%",Gentamicin,Eye Drops,0.3%,10 mL,6.60,B1
GENTAMIN1,"Gentamicin Injection, 40 mg/mL in 2 mL",Gentamicin,Injection,40 mg/mL in 2 mL,Ampoule,2.75,C
GLIBENTA1,"Glibenclamide Tablet, 5 mg",Glibenclamide,Tablet,5 mg,Tablet,0.15,B1
GLICLATA1,"Gliclazide Tablet, 80 mg",Gliclazide,Tablet,80 mg,Tablet,0.66,C
GLIMEPTA1,"Glimepiride Tablet, 1 mg",Glimepiride,Tablet,1 mg,Tablet,1.10,C
GLIMEPTA2,"Glimepiride Tablet, 2 mg",Glimepiride,Tablet,2 mg,Tablet,0.19,C
GLIMEPTA3,"Glimepiride Tablet, 3 mg",Glimepiride,Tablet,3 mg,Tablet,1.57,C
GLIMEPTA4,"Glimepiride Tablet, 4 mg",Glimepiride,Tablet,4 mg,Tablet,0.24,C
GLTRSUTA1,"Glyceryl Trinitrate Sublingual Tablet, 500 microgram",Glyceryl Trinitrate Sublingual,Tablet,500 microgram,100 Tablets,121.63,C
GLUCAGIN1,"Glucagon Injection, 1 mg",Glucagon,Injection,1 mg,Ampoule,455.40,C
GRANISIN1,"Granisetron Injection, 1 mg/1mL",Granisetron,Injection,1 mg/1mL,Ampoule,83.85,D
GRANISTA1,"Granisetron Tablet, 1 mg",Granisetron,Tablet,1 mg,Tablet,17.88,D
GRISEOSU1,"Griseofulvin Suspension, 125 mg/5 mL",Griseofulvin,Suspension,125 mg/5 mL,100 mL,29.26,B2
GRISEOTA1,"Griseofulvin Tablet, 125 mg",Griseofulvin,Tablet,125 mg,Tablet,0.35,B1
GRISEOTA2,"Griseofulvin Tablet, 500 mg",Griseofulvin,Tablet,500 mg,Tablet,2.20,B1
GUAIFESY1,Guaifenesin Containing Expectorant Syrup,Guaifenesin Containing Expectorant,Syrup,,100ml,34.93,B2
HALOPEIN1,"Haloperidol Injection, 5 mg/5 mL",Haloperidol,Injection,5 mg/5 mL,Ampoule,9.24,SM
HALOPETA1,"Haloperidol Tablet, 0.5 mg",Haloperidol,Tablet,0.5 mg,Tablet,0.95,C
HALOPETA2,"Haloperidol Tablet, 5 mg",Haloperidol,Tablet,5 mg,Tablet,1.41,C
HALOPETA3,"Haloperidol Tablet, 10 mg",Haloperidol,Tablet,10 mg,Tablet,1.65,C
HEPARIIN1,"Heparin Injection, 1000 units/mL in 5 mL",Heparin,Injection,1000 units/mL in 5 mL,Ampoule,111.21,D
HEPARIIN2,"Heparin Injection, 5000 units/mL in 1mL",Heparin,Injection,5000 units/mL in 1mL,Ampoule,90.86,D
HEPARIIN3,"Heparin Injection, 5000 units/mL in 5 mL",Heparin,Injection,5000 units/mL in 5 mL,Vial,137.50,D
HUIMTEIN1,"Human Immune Tetanus Globulins Injection, 250 IU/mL",Human Immune Tetanus Globulins,Injection,250 IU/mL,1 mL,42.85,B1
HUIMTEIN2,"Human Immune Tetanus Globulins Injection, 500 IU/mL",Human Immune Tetanus Globulins,Injection,500 IU/mL,2 mL,42.85,B1
HYDRALIN1,"Hydralazine Injection, 20 mg",Hydralazine,Injection,20 mg,Ampoule,26.95,C
HYDRALTA1,"Hydralazine Tablet, 25 mg",Hydralazine,Tablet,25 mg,Tablet,3.25,B2
HYDROCCR1,"Hydrocortisone Cream, 1%",Hydrocortisone,Cream,1%,15 G,12.06,B1
HYDROCEO1,"Hydrocortisone Eye Ointment, 1%",Hydrocortisone,Eye Ointment,1%,5 G,13.86,C
HYDROCID1,"Hydrocortisone Eye Drops, 1%",Hydrocortisone,Eye Drops,1%,5 mL,16.50,C
HYDROXCA1,"Hydroxyurea Capsule, 500mg",Hydroxyurea,Capsule,500mg,Capsule,3.52,SM
HYDROXIN1,"Hydroxocobalamin Injection, 1 mg/mL",Hydroxocobalamin,Injection,1 mg/mL,1 mL,9.61,D
HYOBUTIN1,"Hyoscine Butylbromide Injection, 20 mg/ mL",Hyoscine Butylbromide,Injection,20 mg/ mL,1 mL,6.60,M
HYOBUTTA1,"Hyoscine Butylbromide Tablet, 10 mg",Hyoscine Butylbromide,Tablet,10 mg,Tablet,0.99,M
HYSOSUIN1,"Hydrocortisone Sodium Succinate Injection, 100 mg",Hydrocortisone Sodium Succinate,Injection,100 mg,Vial,11.00,M
IBUPROSU1,"Ibuprofen Suspension, 100 mg/5 mL",Ibuprofen,Suspension,100 mg/5 mL,100 mL,12.65,A
IBUPROTA1,"Ibuprofen Tablet, 200 mg",Ibuprofen,Tablet,200 mg,Tablet,0.22,A
IBUPROTA2,"Ibuprofen Tablet, 400 mg",Ibuprofen,Tablet,400 mg,Tablet,0.28,A
IMIPRATA1,"Imipramine Tablet, 25 mg",Imipramine,Tablet,25 mg,Tablet,0.33,C
INPRMIIN1,"Insulin premixed (30/70) HM Injection, 100 units/mL in 10 mL",Insulin premixed (30/70) HM,Injection,"Injection, 100 units/mL in 10 mL",Vial,84.42,C
INSSOLIN1,"Insulin Soluble HM, 100 units/mL in 10 mL",Insulin Soluble HM,Injection,100 units/mL in 10 mL,Vial,80.87,C
INTRALSO1,Intralipid Solution (for TPN),Intralipid,Solution,(for TPN),500 mL,165.00,D
IPRBROGA1,Ipratropium Bromide Nebulizer 250 micrograms,Ipratropium Bromide,Nebuliser Solution,250 micrograms,Dose,11.00,B2
IPRBROGA2,Ipratropium Bromide Nebulizer 500 micrograms,Ipratropium Bromide,Nebuliser Solution,500 micrograms,Dose,14.30,B2
IRODEXIN1,"Iron Dextran Injection, 100mg/2mL",Iron Dextran,Injection,100mg/2mL,2 mL,27.50,C
IROPOLCA1,Iron (III) Polymaltose Complex Capsule,Iron (III) Polymaltose Complex,Capsule,,Capsule,0.28,M
IROPOLSU1,Iron (III) Polymaltose Complex Suspension,Iron (III) Polymaltose Complex,Suspension,,200 mL,9.75,M
IROSUCIN1,"Iron Sucrose Injection, 20 mg/mL",Iron Sucrose,Injection,20 mg/mL,Ampoule,60.50,SM
ISODINTA1,"Isosorbide Dinitrate Tablet, 10 mg",Isosorbide Dinitrate,Tablet,10 mg,Tablet,1.97,C
ISOINSIN1,"Isophane Insulin Injection (HM), 100 units/mL in 10 mL",Isophane Insulin,Injection,"(HM), 100 units/mL in 10 mL",Vial,100.10,C
ITRACOCA1,"Itraconazole Capsule, 100 mg",Itraconazole,Capsule,100 mg,Capsule,5.50,D
ITRACOSU1,"Itraconazole Suspension, 10 mg/mL",Itraconazole,Suspension,10 mg/mL,30 mL,7.33,D
KETOCOCR1,"Ketoconazole Cream, 30g",Ketoconazole,Cream,30g,Tube,22.00,B1
KETOCOTA1,"Ketoconazole Tablet, 200 mg",Ketoconazole,Tablet,200 mg,Tablet,8.50,C
LABETAIN1,"Labetalol Injection, 5 mg/mL in 20 mL",Labetalol,Injection,5 mg/mL in 20 mL,Ampoule,85.80,D
LABETATA1,"Labetalol Tablet, 100 mg",Labetalol,Tablet,100 mg,Tablet,3.30,D
LABETATA2,"Labetalol Tablet, 200 mg",Labetalol,Tablet,200 mg,Tablet,4.40,B2
LACTULLI1,Lactulose Liquid 3.1–3.7 g/5 mL,Lactulose,Liquid,3.1–3.7 g/5 mL,300 mL,75.35,C
LAMOTRTA1,Lamotrigine Tablet 100 mg,Lamotrigine,Tablet,100 mg,Tablet,2.05,D
LEVOFLIN1,Levofloxacin infusion 500mg,Levofloxacin,Infusion,500mg,100mL,189.64,D
LEVSODTA1,"Levothyroxine Sodium Tablet, 25 microgram",Levothyroxine Sodium,Tablet,25 microgram,Tablet,0.92,C
LEVSODTA2,"Levothyroxine Sodium Tablet, 50 microgram",Levothyroxine Sodium,Tablet,50 microgram,Tablet,1.10,C
LEVSODTA3,"Levothyroxine Sodium Tablet, 100 microgram",Levothyroxine Sodium,Tablet,100 microgram,Tablet,1.32,C
LIDOCACR1,"Lidocaine Cream, 2%",Lidocaine,Cream,2%,15 G,38.50,M
LIDOCAGE1,"Lidocaine Gel, 4%",Lidocaine,Gel,4%,15 G,76.67,M
LISHYDTA1,"Lisinopril + Hydrochlorthiazide Tablet, (10 mg + 12.5 mg)",Lisinopril + Hydrochlorthiazide,Tablet,(10 mg + 12.5 mg),Tablet,1.26,C
LISHYDTA2,"Lisinopril + Hydrochlorthiazide Tablet, (20 mg + 12.5 mg)",Lisinopril + Hydrochlorthiazide,Tablet,(20 mg + 12.5 mg),Tablet,2.57,C
LISINOTA1,"Lisinopril Tablet, 2.5 mg",Lisinopril,Tablet,2.5 mg,Tablet,0.47,B2
LISINOTA2,"Lisinopril Tablet, 5 mg",Lisinopril,Tablet,5 mg,Tablet,0.39,B2
LISINOTA3,"Lisinopril Tablet, 10 mg",Lisinopril,Tablet,10 mg,Tablet,0.21,B2
LISINOTA4,"Lisinopril Tablet, 20 mg",Lisinopril,Tablet,20 mg,Tablet,0.90,B2
LODOXAID1,"Lodoxamide Eye Drops, 0.1%",Lodoxamide,Eye Drops,0.1%,10 mL,8.90,C
LORAZEIN1,"Lorazepam Injection, 4 mg/mL in 1mL",Lorazepam,Injection,4 mg/mL in 1mL,Ampoule,93.50,D
LORAZETA1,"Lorazepam Tablet, 1 mg",Lorazepam,Tablet,1 mg,Tablet,1.76,B2
LORAZETA2,"Lorazepam Tablet, 2 mg",Lorazepam,Tablet,2 mg,Tablet,0.44,B2
LORAZETA3,"Lorazepam Tablet, 2.5 mg",Lorazepam,Tablet,2.5 mg,Tablet,2.20,D
LOSARTTA1,"Losartan Tablet, 25 mg",Losartan,Tablet,25 mg,Tablet,1.32,C
LOSARTTA2,"Losartan Tablet, 50 mg",Losartan,Tablet,50 mg,Tablet,0.26,C
LOSARTTA3,"Losartan Tablet, 100 mg",Losartan,Tablet,100 mg,Tablet,0.54,C
MAGSULIN1,"Magnesium Sulphate Injection, 20% (10 mL)",Magnesium Sulphate,Injection,20% (10 mL),Ampoule,5.96,M
MAGSULIN3,"Magnesium Sulphate Injection, 50% (10 mL)",Magnesium Sulphate,Injection,50% (10 mL),Ampoule,19.54,M
MAGSULPO1,Magnesium Sulphate Salt,Magnesium Sulphate,Powder,,1 G,33.00,B2
MAGTRIMI1,Magnesium Trisilicate Mixture,Magnesium Trisilicate,Mixture,,200 mL,7.70,A
MAGTRITA1,"Magnesium Trisilicate Tablet, 500 mg",Magnesium Trisilicate,Tablet,500 mg,Tablet,3.58,A
MANNITIN1,"Mannitol Injection, 10%",Mannitol,Injection,10%,500 mL,36.04,C
MANNITIN2,"Mannitol Injection, 20%",Mannitol,Injection,20%,500 mL,30.42,C
MATRALMI1,Magnesium Trisilicate + Aluminium Hydroxide Mixture,Magnesium Trisilicate + Aluminium Hydroxide,Mixture,,200 mL,22.22,A
MATRALTA1,Magnesium Trisilicate + Aluminium Hydroxide Tablet,Magnesium Trisilicate + Aluminium Hydroxide,Tablet,,Tablet,0.22,A
MEBENDSU1,"Mebendazole Suspension, 100 mg/5 mL",Mebendazole,Suspension,100 mg/5 mL,30 mL,44.00,A
MEBENDTA1,"Mebendazole Tablet, 100 mg",Mebendazole,Tablet,100 mg,6 Tablets,14.30,A
MEBENDTA2,"Mebendazole Tablet, 500 mg",Mebendazole,Tablet,500 mg,Tablet,23.10,A
MEBEVETA1,"Mebeverine Tablet, 135 mg",Mebeverine,Tablet,135 mg,Tablet,1.50,C
MEDACETA1,"Medroxyprogesterone Acetate Tablet, 5 mg",Medroxyprogesterone Acetate,Tablet,5 mg,Tablet,8.53,D
MEFACICA1,"Mefenamic Acid Capsule, 250 mg",Mefenamic Acid,Capsule,250 mg,Capsule,2.70,M
MEFACITA1,"Mefenamic Acid Tablet, 500 mg",Mefenamic Acid,Tablet,500 mg,Tablet,1.29,M
METCELID1,"Methyl Cellulose Eye Drops, 0.3%",Methyl Cellulose,Eye Drops,0.3%,10 mL,22.55,C
METFORTA1,"Metformin Tablet, 500 mg",Metformin,Tablet,500 mg,Tablet,0.15,B1
METHOTIN1,"Methotrexate Injection, 2.5 mg/ mL",Methotrexate,Injection,2.5 mg/ mL,Ampoule,0.11,D
METHOTIN2,"Methotrexate Injection, 25 mg/ mL in 2mL",Methotrexate,Injection,25 mg/ mL in 2mL,Ampoule,54.65,D
METHOTTA1,"Methotrexate Tablet, 2.5 mg",Methotrexate,Tablet,2.5 mg,Tablet,3.08,D
METHOTTA2,"Methotrexate Tablet, 10 mg",Methotrexate,Tablet,10 mg,Tablet,38.50,D
METHYLTA1,"Methyldopa Tablet, 250 mg",Methyldopa,Tablet,250 mg,Tablet,0.93,M
METOCLIN1,"Metoclopramide Injection, 5 mg/mL in 2 mL",Metoclopramide,Injection,5 mg/mL in 2 mL,Ampoule,8.80,C
METOCLSY1,"Metoclopramide Syrup, 5 mg/5 mL",Metoclopramide,Syrup,5 mg/5 mL,200 mL,92.40,C
METOCLTA1,"Metoclopramide Tablet, 10 mg",Metoclopramide,Tablet,10 mg,Tablet,0.77,B2
METOLATA1,"Metolazone Tablet, 5 mg",Metolazone,Tablet,5 mg,Tablet,5.39,D
METRONIN1,"Metronidazole Injection, 5 mg/mL in 100 mL",Metronidazole,Injection,5 mg/mL in 100 mL,Bottle,9.01,B1
METRONRE1,"Metronidazole Suppository, 500 mg",Metronidazole,Suppository,500 mg,Supp.,15.95,B2
METRONSU1,"Metronidazole Suspension, 100 mg/5 mL (as benzoate)",Metronidazole,Suspension,100 mg/5 mL (as benzoate),100 mL,10.92,A
METRONSU2,"Metronidazole Suspension, 200 mg/5 mL(as benzoate)",Metronidazole,Suspension,200 mg/5 mL(as benzoate),100 mL,12.02,A
METRONTA1,"Metronidazole Tablet, 200 mg",Metronidazole,Tablet,200 mg,Tablet,0.13,A
METRONTA2,"Metronidazole Tablet, 400 mg",Metronidazole,Tablet,400 mg,Tablet,0.25,A
METTARTA1,Metoprolol Tartrate Tablet 100 mg,Metoprolol Tartrate,Tablet,100 mg,Tablet,1.85,C
MICHYDCR1,"Miconazole + Hydrocortisone Cream, 2% + 1%",Miconazole + Hydrocortisone,Cream,2% + 1%,15 G,51.87,C
MICONACR1,"Miconazole Cream, 2%",Miconazole,Cream,2%,15 G,38.50,B2
MICONAOG1,"Miconazole Oral Gel, 25 mg/mL",Miconazole,Oral Gel,25 mg/mL,40 G,73.70,B2
MICONAVP1,"Miconazole Ovule, 400 mg",Miconazole,Pessary,400 mg,3 Ovules,46.20,A
MIDAZOIN1,"Midazolam Injection, 5 mg/5mL",Midazolam,Injection,5 mg/5mL,Ampoule,70.13,C
MIDAZOTA1,"Midazolam Tablet, 15 mg",Midazolam,Tablet,15 mg,Tablet,13.89,B2
MORPHIIN1,"Morphine Injection, 10 mg/mL",Morphine,Injection,10 mg/mL,Ampoule,21.97,B2
MORPHIIN2,"Morphine Injection, 10 mg/mL (Preservative Free)",Morphine,Injection,10 mg/mL (Preservative Free),Ampoule,39.55,SM
MORSULTA1,"Morphine Sulphate Tablet, 10 mg (Slow release)",Morphine Sulphate,Tablet,10 mg (Slow release),Tablet,5.61,B2
MORSULTA2,"Morphine Sulphate Tablet, 30 mg (Slow release)",Morphine Sulphate,Tablet,30 mg (Slow release),Tablet,8.83,B2
MULTIVDR1,Multivitamin Drops,Multivitamin,Drops,,20 mL,24.20,A
MULTIVSY1,Multivitamin Syrup,Multivitamin,Syrup,,125 mL,8.10,A
MULTIVTA1,Multivitamin Tablet,Multivitamin,Tablet,,Tablet,0.07,A
NALOXOIN1,"Naloxone Injection, 400 microgram/mL in 1mL",Naloxone,Injection,400 microgram/mL in 1mL,Ampoule,28.55,C
NEOBROTA1,"Neostigmine Bromide Tablet, 15 mg",Neostigmine Bromide,Tablet,15 mg,Tablet,6.47,D
NEOMYCTA1,"Neomycin Tablet, 500 mg",Neomycin,Tablet,500 mg,Tablet,55.00,C
NEOSTIIN1,"Neostigmine Injection, 2.5 mg/mL",Neostigmine,Injection,2.5 mg/mL,Ampoule,27.50,C
NIFEDICA1,"Nifedipine Capsule, 10 mg",Nifedipine,Capsule,10 mg,Capsule,1.21,D
NIFEDITA1,"Nifedipine Tablet, 10 mg (slow release)",Nifedipine,Tablet,10 mg (slow release),Tablet,1.10,B2
NIFEDITA2,"Nifedipine Tablet, 20 mg (slow release)",Nifedipine,Tablet,20 mg (slow release),Tablet,0.20,B2
NIFEDITA3,"Nifedipine Tablet, 30 mg (GITS)",Nifedipine,Tablet,30 mg (GITS),Tablet,0.30,B2
NITROFTA1,"Nitrofurantoin Tablet, 100 mg",Nitrofurantoin,Tablet,100 mg,Tablet,4.18,B2
NORETHTA1,"Norethisterone Tablet, 5 mg",Norethisterone,Tablet,5 mg,Tablet,2.98,D
NYSTATOI1,"Nystatin Ointment, 100,000 IU",Nystatin,Ointment,"100,000 IU",30 G,25.74,B2
NYSTATSU1,"Nystatin Suspension, 100,000 IU/mL",Nystatin,Suspension,"100,000 IU/mL",15 mL,71.17,B1
NYSTATTA1,"Nystatin Pessary, 100,000 IU",Nystatin,Pessary,"100,000 IU",Pessary,52.71,B1
NYSTATTA2,"Nystatin Tablet, 500,000 IU",Nystatin,Tablet,"500,000 IU",Tablet,36.14,B1
OLANZATA1,Olanzapine Tablet 10 mg,Olanzapine,Tablet,10 mg,Tablet,1.63,SM
OMEPRAIN2,"Omeprazole Injection, 40 mg",Omeprazole,Injection,40 mg,Vial,19.80,B2
OMEPRATA1,"Omeprazole Tablet, 20 mg",Omeprazole,Tablet,20 mg,Tablet,0.23,B1
ONDANSTA1,"Ondansetrone Tablet, 4 mg",Ondansetrone,Tablet,4 mg,Tablet,1.65,D
ORRESAPO1,Oral Rehydration Salts Powder,Oral Rehydration Salts,Powder,,Sachet,1.47,A
OXYTOCIN1,"Oxytocin Injection, 5 units/mL",Oxytocin,Injection,5 units/mL,Ampoule,16.47,M
OXYTOCIN2,"Oxytocin Injection, 10 units/mL",Oxytocin,Injection,10 units/mL,Ampoule,10.19,M
PACLITIN1,"Paclitaxel Injection, 100 mg/16.7mL",Paclitaxel,Injection,100 mg/16.7mL,Vial,343.20,D
PARACERE1,"Paracetamol Suppository, 125 mg",Paracetamol,Suppository,125 mg,Supp,1.50,A
PARACERE2,"Paracetamol Suppository, 250 mg",Paracetamol,Suppository,250 mg,Supp,2.34,A
PARACERE3,"Paracetamol Suppository, 500 mg",Paracetamol,Suppository,500 mg,Supp,2.41,A
PARACESY1,"Paracetamol Syrup, 120 mg/5 mL",Paracetamol,Syrup,120 mg/5 mL,125 mL,8.50,A
PARACETA1,"Paracetamol Tablet, 500 mg",Paracetamol,Tablet,500 mg,Tablet,0.12,A
PARAFFLI1,Paraffin Liquid,Paraffin,Liquid,,100 mL,25.30,A
PETHIDIN1,"Pethidine Injection, 50 mg/mL in 2 mL",Pethidine,Injection,50 mg/mL in 2 mL,Ampoule,39.56,B2
PHENOBEL1,"Phenobarbital Elixir, 15 mg/5 mL",Phenobarbital,Elixir,15 mg/5 mL,100 mL,60.50,B1
PHENOBIN1,"Phenobarbital Injection, 200 mg/mL",Phenobarbital,Injection,200 mg/mL,Ampoule,34.58,B1
PHENOBTA1,"Phenobarbital Tablet, 30 mg",Phenobarbital,Tablet,30 mg,Tablet,0.22,B1
PHENOBTA2,"Phenobarbital Tablet, 60 mg",Phenobarbital,Tablet,60 mg,Tablet,0.33,B1
PHENOLIN1,Phenol 5% in Almond Oil Injection,Phenol,Injection,5% in Almond Oil,50 mL,0.39,SM
PHENYTCA2,"Phenytoin Sodium Capsule, 100 mg",Phenytoin Sodium,Capsule,100 mg,Capsule,1.54,B1
PHENYTIN1,"Phenytoin Injection, 50 mg/mL in 5 mL",Phenytoin,Injection,50 mg/mL in 5 mL,Ampoule,38.50,D
PHENYTTA1,"Phenytoin Sodium Tablet, 100 mg",Phenytoin Sodium,Tablet,100 mg,Tablet,1.32,B1
PHEPENTA1,"Phenoxymethyl Penicillin Tablet, 250 mg",Phenoxymethyl Penicillin,Tablet,250 mg,Tablet,0.84,B1
PHYTOMIN1,"Phytomenadione Injection, 1 mg/mL (Paediatric)",Phytomenadione,Injection,1 mg/mL (Paediatric),Ampoule,6.93,M
PHYTOMIN2,"Phytomenadione Injection, 10 mg/mL",Phytomenadione,Injection,10 mg/mL,Ampoule,12.10,M
PILOCAID1,"Pilocarpine Eye Drops, 2%",Pilocarpine,Eye Drops,2%,10 mL,35.75,C
PILOCAID2,"Pilocarpine Eye Drops, 4%",Pilocarpine,Eye Drops,4%,10 mL,19.25,C
PIOGLITA1,"Pioglitazone Tablet, 15 mg",Pioglitazone,Tablet,15 mg,Tablet,0.74,C
PIOGLITA2,"Pioglitazone Tablet, 30 mg",Pioglitazone,Tablet,30 mg,Tablet,0.91,C
PIRACETA1,"Piracetam Tablet, 800 mg",Piracetam,Tablet,800 mg,Tablet,5.50,C
POTCHLIN1,"Potassium Chloride Injection, 20 mEq/10 mL",Potassium Chloride,Injection,20 mEq/10 mL,Vial,17.16,C
POTCHLTA1,"Potassium Chloride Tablet, 600 mg (Enteric Coated)",Potassium Chloride,Tablet,600 mg (Enteric Coated),Tablet,3.85,B1
POTCITMI1,Potassium Citrate Mixture BP,Potassium Citrate,Mixture,BP,200 mL,9.35,A
POVIDOOI1,"Povidone Iodine Ointment, 10%",Povidone Iodine,Ointment,10%,10 G,28.88,A
POVIDOSO1,"Povidone Iodine Aqueous Solution, 10%",Povidone Iodine Aqueous,Solution,10%,100 mL,46.20,A
PRAZIQTA1,"Praziquantel Tablet, 600 mg",Praziquantel,Tablet,600 mg,Tablet,11.55,B1
PRAZOSTA1,"Prazosin Tablet, 500 microgram",Prazosin,Tablet,500 microgram,Tablet,2.90,D
PREDNIDT1,Prednisolone 5mg Dispersible Tablets,Prednisolone,Dispersible Tablet,5mg,Tablet,0.28,B1
PREDNIID1,"Prednisolone Eye Drops, 0.5%",Prednisolone,Eye Drops,0.5%,10 mL,15.40,SM
PREDNIID2,"Prednisolone Eye Drops, 1%",Prednisolone,Eye Drops,1%,10 mL,22.00,SM
PREDNISY1,"Prednisolone Oral Solution, 5mg/5ml",Prednisolone,Oral Solution,5mg/5ml,60ml,62.70,B1
PREDNITA1,"Prednisolone Tablet, 5 mg",Prednisolone,Tablet,5 mg,Tablet,0.20,B2
PRIMIDTA1,"Primidone Tablet, 250 mg",Primidone,Tablet,250 mg,Tablet,0.33,C
PROBENIN1,"Procaine Benzylpenicillin Injection, 4 MU",Procaine Benzylpenicillin,Injection,4 MU,Vial,9.90,B2
PROHYDEL1,"Promethazine Hydrochloride Elixir, 5 mg/5 mL",Promethazine Hydrochloride,Elixir,5 mg/5 mL,60 mL,9.21,A
PROHYDIN1,"Promethazine Hydrochloride Injection, 25 mg/mL in 2 mL",Promethazine Hydrochloride,Injection,25 mg/mL in 2 mL,Ampoule,2.20,B1
PROMETTA1,"Promethazine Hydrochloride Tablet, 25 mg",Promethazine Hydrochloride,Tablet,25 mg,Tablet,0.28,A
PROPRAIN1,"Propranolol Injection, 1 mg/mL in 1mL",Propranolol,Injection,1 mg/mL in 1mL,Ampoule,0.18,D
PROPRATA1,"Propranolol Tablet, 10 mg",Propranolol,Tablet,10 mg,Tablet,0.84,B2
PROPRATA2,"Propranolol Tablet, 40 mg",Propranolol,Tablet,40 mg,Tablet,0.22,B2
PROPRATA3,"Propranolol Tablet, 80 mg",Propranolol,Tablet,80 mg,Tablet,1.88,B2
PROPYLTA1,"Propylthiouracil Tablet, 50 mg",Propylthiouracil,Tablet,50 mg,Tablet,5.23,D
PROSULIN1,"Protamine Sulphate Injection, 10 mg/mL in 5 mL",Protamine Sulphate,Injection,10 mg/mL in 5 mL,Ampoule,47.52,D
PROTHETA1,"Promethazine Theoclate Tablet, 25 mg",Promethazine Theoclate,Tablet,25 mg,Tablet,0.22,M
QUINININ1,"Quinine Injection, 300 mg/mL in 2 mL",Quinine,Injection,300 mg/mL in 2 mL,Ampoule,4.68,B2
QUININSY1,"Quinine Syrup, 75 mg/5 mL",Quinine,Syrup,75 mg/5 mL,125 mL,12.10,B1
QUININTA1,"Quinine Tablet, 300 mg",Quinine,Tablet,300 mg,Tablet,1.47,M
RAMIPRTA1,"Ramipril Tablet, 2.5 mg",Ramipril,Tablet,2.5 mg,Tablet,1.01,C
RAMIPRTA2,"Ramipril Tablet, 5 mg",Ramipril,Tablet,5 mg,Tablet,1.22,C
RANITITA1,"Ranitidine Tablet, 150 mg",Ranitidine,Tablet,150 mg,Tablet,1.99,B2
RETSOFCA2,"Retinol Soft Capsule, 200,000 IU",Retinol Soft,Capsule,"200,000 IU",Capsule,0.24,A
RINLACSO1,"Ringer - Lactate Solution, 500 mL",Ringer - Lactate,Solution,500 mL,500 mL,13.10,M
RISPERLI1,"Risperidone Liquid, 1 mg/mL",Risperidone,Liquid,1 mg/mL,10 mL,4.29,SM
RISPERTA1,"Risperidone Tablet, 500 microgram",Risperidone,Tablet,500 microgram,Tablet,5.67,SM
RISPERTA2,"Risperidone Tablet, 1 mg",Risperidone,Tablet,1 mg,Tablet,1.10,SM
RISPERTA3,"Risperidone Tablet, 2 mg",Risperidone,Tablet,2 mg,Tablet,1.60,SM
RITUXIIN1,Rituximab Injection 100mg/10ml,Rituximab,Injection,100mg/10ml,Vial,2300.00,SM
RITUXIIN2,Rituximab Injection 500mg/10ml,Rituximab,Injection,500mg/10ml,Vial,6515.00,SM
SALACIOI1,"Salicylic Acid Ointment, 2%",Salicylic Acid,Ointment,2%,40G,18.70,B1
SALBUTGA1,"Salbutamol Inhaler, 100 microgram/metered dose, 200 doses",Salbutamol,Inhaler,"100 microgram/metered dose, 200 doses",Inhaler,49.50,A
SALBUTGA2,"Salbutamol Nebules, 2.5 mg",Salbutamol,Nebuliser Solution,2.5 mg,Dose,10.12,B1
SALBUTGA3,"Salbutamol Nebules, 5 mg",Salbutamol,Nebuliser Solution,5 mg,Dose,17.60,B1
SALBUTSY1,"Salbutamol Syrup, 2 mg/5 mL",Salbutamol,Syrup,2 mg/5 mL,200 mL,18.70,B1
SALSULIN1,"Salbutamol Sulphate Injection, 500 microgram/mL in 1mL",Salbutamol Sulphate,Injection,500 microgram/mL in 1mL,Ampoule,16.50,B2
SECNIDTA1,"Secnidazole Tablet, 500 mg",Secnidazole,Tablet,500 mg,Tablet,8.80,B2
SELSULSH1,"Selenium Sulphide Shampoo, 2.5%",Selenium Sulphide,Shampoo,2.5%,50 mL,12.93,C
SERTRATA1,"Sertraline Tablet, 50 mg",Sertraline,Tablet,50 mg,Tablet,1.34,SM
SERTRATA2,"Sertraline Tablet, 100 mg",Sertraline,Tablet,100 mg,Tablet,1.93,SM
SILSULCR1,"Silver Sulphadiazine Cream, 1%",Silver Sulphadiazine,Cream,1%,50 G,26.40,A
SIMLINSY1,Simple Linctus BPC (Paediatric),Simple Linctus,Syrup,BPC (Paediatric),125mL,6.97,A
SIMLINSY2,Simple Linctus BPC,Simple Linctus,Syrup,BPC,200mL,7.54,A
SIMVASTA1,"Simvastatin Tablet, 10 mg",Simvastatin,Tablet,10 mg,Tablet,0.66,C
SIMVASTA2,"Simvastatin Tablet, 20 mg",Simvastatin,Tablet,20 mg,Tablet,1.02,C
SIMVASTA3,"Simvastatin Tablet, 40 mg",Simvastatin,Tablet,40 mg,Tablet,1.27,C
SIMVASTA4,"Simvastatin Tablet, 80 mg",Simvastatin,Tablet,80 mg,Tablet,1.98,D
SOANSTOI1,Soothing Agent + Local Anaesthetic + Steroid Ointment,Soothing Agent + Local Anaesthetic + Steroid,Ointment,,15 G,85.80,B1
SOANSTRE1,Soothing Agent + Local Anaesthetic + Steroid Suppository,Soothing Agent + Local Anaesthetic + Steroid,Suppository,,Supp,7.70,B1
SODBICIN1,"Sodium Bicarbonate Injection, 8.4% in 10 mL",Sodium Bicarbonate,Injection,8.4% in 10 mL,Ampoule,50.05,C
SODCHLIN1,"Sodium Chloride Infusion, 0.45% (250 mL)",Sodium Chloride,Infusion,0.45% (250 mL),250 mL,48.38,B1
SODCHLIN3,"Sodium Chloride Infusion, 0.9% (500 mL)",Sodium Chloride,Infusion,0.9% (500 mL),500 mL,14.37,M
SODCHLND1,"Sodium Chloride Nasal Drops, 0.9%",Sodium Chloride,Nasal Drops,0.9%,10 mL,6.60,A
SODVALCA1,"Sodium Valproate Capsule, 200 mg",Sodium Valproate,Capsule,200 mg,Capsule,3.08,D
SODVALCA2,"Sodium Valproate Capsule (Slow Release), 500 mg",Sodium Valproate,Capsule,"(Slow Release), 500 mg",Capsule,11.70,D
SODVALSY1,"Sodium Valproate Syrup, 200 mg/5 Ml",Sodium Valproate,Syrup,200 mg/5 Ml,300 mL,294.80,D
SODVALTA1,"Sodium Valproate Tablet, 200 mg",Sodium Valproate,Tablet,200 mg,Tablet,3.28,D
SOOANAOI1,Soothing Agent + Local Anaesthetic Ointment,Soothing Agent + Local Anaesthetic,Ointment,,15 G,42.46,M
SOOANARE1,Soothing Agent + Local Anaesthetic Suppository,Soothing Agent + Local Anaesthetic,Suppository,,Supp,6.93,M
SPIRONTA1,"Spironolactone Tablet, 25 mg",Spironolactone,Tablet,25 mg,Tablet,1.10,C
SPIRONTA2,"Spironolactone Tablet, 50 mg",Spironolactone,Tablet,50 mg,Tablet,1.45,C
STREPTIN1,"Streptokinase Injection, 100,000 unit-vial",Streptokinase,Injection,"100,000 unit-vial",Vial,432.00,D
STREPTIN2,"Streptokinase Injection, 250,000 unit-vial",Streptokinase,Injection,"250,000 unit-vial",Vial,482.00,D
STREPTIN3,"Streptokinase Injection, 750,000 unit-vial",Streptokinase,Injection,"750,000 unit-vial",Vial,557.19,D
SULFASTA1,"Sulfasalazine Tablet, 500 mg",Sulfasalazine,Tablet,500 mg,Tablet,4.73,D
TAMOXITA1,"Tamoxifen Tablet, 10 mg",Tamoxifen,Tablet,10 mg,Tablet,2.97,SM
TAMOXITA2,"Tamoxifen Tablet, 20 mg",Tamoxifen,Tablet,20 mg,Tablet,4.11,SM
TAMSULCA1,"Tamsulosin Capsule, 400 microgram",Tamsulosin,Capsule,400 microgram,Capsule,2.18,SM
TERAZOTA1,"Terazosin Tablet, 2 mg",Terazosin,Tablet,2 mg,Tablet,2.86,SM
TERAZOTA2,"Terazosin Tablet, 5 mg",Terazosin,Tablet,5 mg,Tablet,4.38,SM
TERBINTA1,"Terbinafine HCl Tablet, 250 mg",Terbinafine HCl,Tablet,250 mg,Tablet,3.03,D
TETRACCA1,"Tetracycline Capsule, 250 mg",Tetracycline,Capsule,250 mg,Capsule,0.28,B1
TETRACEO2,"Tetracycline Eye Ointment, 1%",Tetracycline,Eye Ointment,1%,5 G,8.25,M
THEOPHTA1,"Theophylline Tablet, 200 mg (slow release)",Theophylline,Tablet,200 mg (slow release),Tablet,16.50,B2
THIAMIIN1,"Thiamine Injection, 100mg/2mL",Thiamine,Injection,100mg/2mL,Ampoule,11.00,C
THIAMITA1,"Thiamine Tablet, 50 mg",Thiamine,Tablet,50 mg,Tablet,0.66,C
THIAMITA2,"Thiamine Tablet, 100 mg",Thiamine,Tablet,100 mg,Tablet,1.10,C
TIABENTA1,"Tiabendazole Tablet, 500 mg",Tiabendazole,Tablet,500 mg,Tablet,1.58,B1
TIMMALID1,"Timolol Maleate Eye Drops, 0.5%",Timolol Maleate,Eye Drops,0.5%,10 mL,13.20,C
TINIDACA1,"Tinidazole Capsule, 500 mg",Tinidazole,Capsule,500 mg,Capsule,28.05,B2
TIROFIIN1,"Tirofiban Infusion, 50 micrograms/mL",Tirofiban,Infusion,50 micrograms/mL,100 mL,371.80,D
TIROFIIN2,"Tirofiban Infusion, 250 micrograms/ml (concentrate)",Tirofiban,Infusion,250 micrograms/ml (concentrate),100 mL,514.80,D
TOLBUTTA1,"Tolbutamide Tablet, 500 mg",Tolbutamide,Tablet,500 mg,Tablet,9.65,C
TRAACICA1,"Tranexamic Acid Capsule, 250 mg",Tranexamic Acid,Capsule,250 mg,Capsule,3.52,C
TRAACIIN1,"Tranexamic Acid Injection, 500 mg/5mL",Tranexamic Acid,Injection,500 mg/5mL,Ampoule,26.82,D
TRAACITA1,"Tranexamic Acid Tablet, 500 mg",Tranexamic Acid,Tablet,500 mg,Tablet,4.68,C
TRIHEXTA1,"Trihexyphenidyl Tablet, 2 mg",Trihexyphenidyl,Tablet,2 mg,Tablet,2.64,C
TRIHEXTA2,"Trihexyphenidyl Tablet, 5 mg",Trihexyphenidyl,Tablet,5 mg,Tablet,1.82,C
VERAPATA1,"Verapamil Tablet, 40 mg",Verapamil,Tablet,40 mg,Tablet,0.44,C
VERAPATA2,"Verapamil Tablet, 80 mg",Verapamil,Tablet,80 mg,Tablet,1.00,C
VINCRIIN1,Vincristine Injection 1 mg Intravenous,Vincristine,Injection,1 mg Intravenous,Vial,67.10,D
VINCRIIN2,Vincristine Injection 2 mg Intravenous,Vincristine,Injection,2 mg Intravenous,Vial,20.91,D
WARFARTA1,"Warfarin Tablet, 1 mg",Warfarin,Tablet,1 mg,Tablet,0.36,D
WARFARTA2,"Warfarin Tablet, 3 mg",Warfarin,Tablet,3 mg,Tablet,0.61,D
WARFARTA3,"Warfarin Tablet, 5 mg (scored)",Warfarin,Tablet,5 mg (scored),Tablet,0.81,D
WATFORIN1,Water for Injection,Water for,Injection,,10 mL,1.10,A
ZINCOOTA1,"Zinc Tablet, 10 mg",Zinc,Tablet,10 mg,Tablet,0.18,A
ZINCOOTA2,"Zinc Tablet, 20 mg",Zinc,Tablet,20 mg,Tablet,0.17,A
