Ghana,Ahafo,Asunafo North
Ghana,Ahafo,Asunafo South
Ghana,Ahafo,Asutifi North
Ghana,Ahafo,Asutifi South
Ghana,Ahafo,Tano North
Ghana,Ahafo,Tano South
Ghana,Ashanti,Adansi Asokwa
Ghana,Ashanti,Adansi North
Ghana,Ashanti,Adansi South
Ghana,Ashanti,Afigya Kwabre North
Ghana,Ashanti,Afigya Kwabre South
Ghana,Ashanti,Ahafo Ano North Municipal
Ghana,Ashanti,Ahafo Ano South East
Ghana,Ashanti,Ahafo Ano South West
Ghana,Ashanti,Akrofuom
Ghana,Ashanti,Amansie Central
Ghana,Ashanti,Amansie South
Ghana,Ashanti,Amansie West
Ghana,Ashanti,Asante Akim Central Municipal
Ghana,Ashanti,Asante Akim North
Ghana,Ashanti,Asante Akim South Municipal
Ghana,Ashanti,Asokore Mampong
Ghana,Ashanti,Asokwa Municipal
Ghana,Ashanti,Atwima Kwanwoma
Ghana,Ashanti,Atwima Mponua
Ghana,Ashanti,Atwima Nwabiagya Municipal
Ghana,Ashanti,Atwima Nwabiagya North
Ghana,Ashanti,Bekwai Municipal
Ghana,Ashanti,Bosome Freho
Ghana,Ashanti,Bosomtwe
Ghana,Ashanti,Ejisu Municipal
Ghana,Ashanti,Ejura Sekyedumase Municipal
Ghana,Ashanti,Juaben Municipal
Ghana,Ashanti,Kumasi Metropolitan
Ghana,Ashanti,Kwabre East Municipal
Ghana,Ashanti,Kwadaso Municipal
Ghana,Ashanti,Mampong Municipal
Ghana,Ashanti,Obuasi East Municipal
Ghana,Ashanti,Obuasi Municipal
Ghana,Ashanti,Offinso Municipal
Ghana,Ashanti,Offinso North
Ghana,Ashanti,Oforikrom Municipal
Ghana,Ashanti,Old Tafo Municipal
Ghana,Ashanti,Sekyere Afram Plains
Ghana,Ashanti,Sekyere Central
Ghana,Ashanti,Sekyere East
Ghana,Ashanti,Sekyere Kumawu
Ghana,Ashanti,Sekyere South
Ghana,Ashanti,Suame Municipal
Ghana,Bono,Banda
Ghana,Bono,Berekum East
Ghana,Bono,Berekum West
Ghana,Bono,Dormaa Central
Ghana,Bono,Dormaa East
Ghana,Bono,Dormaa West
Ghana,Bono,Jaman North
Ghana,Bono,Jaman South
Ghana,Bono,Sunyani
Ghana,Bono,Sunyani West
Ghana,Bono,Tain
Ghana,Bono,Wenchi
Ghana,Bono East,Atebubu-Amanten
Ghana,Bono East,Kintampo North
Ghana,Bono East,Kintampo South
Ghana,Bono East,Nkoranza North
Ghana,Bono East,Nkoranza South
Ghana,Bono East,Pru East
Ghana,Bono East,Pru West
Ghana,Bono East,Sene East
Ghana,Bono East,Sene West
Ghana,Bono East,Techiman
Ghana,Bono East,Techiman North
Ghana,Central,Abura Asebu Kwamankese
Ghana,Central,Agona East
Ghana,Central,Agona West Municipal
Ghana,Central,Ajumako Enyan Essiam
Ghana,Central,Asikuma Odoben Brakwa
Ghana,Central,Assin Central Municipal
Ghana,Central,Assin North
Ghana,Central,Assin South
Ghana,Central,Awutu Senya East Municipal
Ghana,Central,Awutu Senya West
Ghana,Central,Cape Coast Metropolitan
Ghana,Central,Effutu Municipal
Ghana,Central,Ekumfi
Ghana,Central,Gomoa Central
Ghana,Central,Gomoa East
Ghana,Central,Gomoa West
Ghana,Central,Komenda-Edina-Eguafo-Abirem Municipal
Ghana,Central,Mfantsiman Municipal
Ghana,Central,Twifo Atti Morkwa
Ghana,Central,Twifo-Heman-Lower Denkyira
Ghana,Central,Upper Denkyira East Municipal
Ghana,Central,Upper Denkyira West
Ghana,Eastern,Abuakwa North Municipal
Ghana,Eastern,Abuakwa South Municipal
Ghana,Eastern,Achiase
Ghana,Eastern,Akuapim North Municipal
Ghana,Eastern,Akuapim South
Ghana,Eastern,Akyemansa
Ghana,Eastern,Asene Manso Akroso
Ghana,Eastern,Asuogyaman
Ghana,Eastern,Atiwa East
Ghana,Eastern,Atiwa West
Ghana,Eastern,Ayensuano
Ghana,Eastern,Birim Central Municipal
Ghana,Eastern,Birim North
Ghana,Eastern,Birim South
Ghana,Eastern,Denkyembour
Ghana,Eastern,Fanteakwa North
Ghana,Eastern,Fanteakwa South
Ghana,Eastern,Kwaebibirem Municipal
Ghana,Eastern,Kwahu Afram Plains North
Ghana,Eastern,Kwahu Afram Plains South
Ghana,Eastern,Kwahu East
Ghana,Eastern,Kwahu South
Ghana,Eastern,Kwahu West Municipal
Ghana,Eastern,Lower Manya Krobo Municipal
Ghana,Eastern,New Juaben North Municipal
Ghana,Eastern,New Juaben South Municipal
Ghana,Eastern,Nsawam Adoagyire Municipal
Ghana,Eastern,Okere
Ghana,Eastern,Suhum Municipal
Ghana,Eastern,Upper Manya Krobo
Ghana,Eastern,Upper West Akim
Ghana,Eastern,West Akim Municipal
Ghana,Eastern,Yilo Krobo Municipal
Ghana,Greater Accra,Ablekuma Central Municipal
Ghana,Greater Accra,Ablekuma North Municipal
Ghana,Greater Accra,Ablekuma West Municipal
Ghana,Greater Accra,Accra Metropolitan
Ghana,Greater Accra,Ada East
Ghana,Greater Accra,Ada West
Ghana,Greater Accra,Adenta Municipal
Ghana,Greater Accra,Ashaiman Municipal
Ghana,Greater Accra,Ayawaso Central Municipal
Ghana,Greater Accra,Ayawaso East Municipal
Ghana,Greater Accra,Ayawaso North Municipal
Ghana,Greater Accra,Ayawaso West Municipal
Ghana,Greater Accra,Ga Central Municipal
Ghana,Greater Accra,Ga East Municipal
Ghana,Greater Accra,Ga North Municipal
Ghana,Greater Accra,Ga South Municipal
Ghana,Greater Accra,Ga West Municipal
Ghana,Greater Accra,Korle Klottey Municipal
Ghana,Greater Accra,Kpone Katamanso Municipal
Ghana,Greater Accra,Krowor Municipal
Ghana,Greater Accra,La Dade Kotopon Municipal
Ghana,Greater Accra,La Nkwantanang Madina Municipal
Ghana,Greater Accra,Ledzokuku Municipal
Ghana,Greater Accra,Ningo Prampram
Ghana,Greater Accra,Okaikwei North Municipal
Ghana,Greater Accra,Shai Osudoku
Ghana,Greater Accra,Tema Metropolitan
Ghana,Greater Accra,Tema West Municipal
Ghana,Greater Accra,Weija Gbawe Municipal
Ghana,North East,Bunkpurugu-Nyankpanduri
Ghana,North East,Chereponi
Ghana,North East,East Mamprusi
Ghana,North East,Mamprugu-Moagduri
Ghana,North East,West Mamprusi
Ghana,North East,Yunyoo-Nasuan
Ghana,Northern,Gushegu District
Ghana,Northern,Karaga District
Ghana,Northern,Kpandai District
Ghana,Northern,Kumbungu District
Ghana,Northern,Mion
Ghana,Northern,Nanton
Ghana,Northern,Nanumba North
Ghana,Northern,Nanumba South
Ghana,Northern,Saboba
Ghana,Northern,Sagnarigu
Ghana,Northern,Savelugu
Ghana,Northern,Tamale Metropolitan
Ghana,Northern,Tatale Sangule
Ghana,Northern,Tolon
Ghana,Northern,Yendi Municipal District
Ghana,Northern,Zabzugu
Ghana,Oti,Biakoye
Ghana,Oti,Guan
Ghana,Oti,Jasikan
Ghana,Oti,Kadjebi
Ghana,Oti,Krachi East
Ghana,Oti,Krachi Nchumuru
Ghana,Oti,Krachi West
Ghana,Oti,Nkwanta North
Ghana,Oti,Nkwanta South
Ghana,Savannah,Bole
Ghana,Savannah,Central Gonja
Ghana,Savannah,East Gonja
Ghana,Savannah,North East Gonja
Ghana,Savannah,North Gonja
Ghana,Savannah,Sawla-Tuna-Kalba
Ghana,Savannah,West Gonja
Ghana,Upper East,Bawku
Ghana,Upper East,Bawku West
Ghana,Upper East,Binduri
Ghana,Upper East,Bolgatanga
Ghana,Upper East,Bolgatanga East
Ghana,Upper East,Bongo
Ghana,Upper East,Builsa North
Ghana,Upper East,Builsa South
Ghana,Upper East,Garu
Ghana,Upper East,Kassena Nankana East
Ghana,Upper East,Kassena-Nankana West
Ghana,Upper East,Nabdam
Ghana,Upper East,Pusiga
Ghana,Upper East,Talensi
Ghana,Upper East,Tempane
Ghana,Upper West,Daffiama-Bussie-Issa
Ghana,Upper West,Jirapa
Ghana,Upper West,Lambussie-Karni
Ghana,Upper West,Lawra
Ghana,Upper West,Nadowli-Kaleo
Ghana,Upper West,Nandom
Ghana,Upper West,Sissala East
Ghana,Upper West,Sissala West
Ghana,Upper West,Wa East
Ghana,Upper West,Wa Municipal
Ghana,Upper West,Wa West
Ghana,Volta,Adaklu
Ghana,Volta,Afadjato South
Ghana,Volta,Agotime-Ziope
Ghana,Volta,Akatsi North
Ghana,Volta,Akatsi South
Ghana,Volta,Anloga
Ghana,Volta,Central Tongu
Ghana,Volta,Ho
Ghana,Volta,Ho West
Ghana,Volta,Hohoe
Ghana,Volta,Keta
Ghana,Volta,Ketu North
Ghana,Volta,Ketu South
Ghana,Volta,Kpando
Ghana,Volta,North Dayi
Ghana,Volta,North Tongu
Ghana,Volta,South Dayi
Ghana,Volta,South Tongu
Ghana,Western,Ahanta West
Ghana,Western,Effia-Kwesimintsim
Ghana,Western,Ellembelle
Ghana,Western,Jomoro
Ghana,Western,Mpohor
Ghana,Western,Nzema East
Ghana,Western,Prestea-Huni Valley
Ghana,Western,Sekondi-Takoradi
Ghana,Western,Shama
Ghana,Western,Tarkwa-Nsuaem
Ghana,Western,Wassa Amenfi Central
Ghana,Western,Wassa Amenfi East
Ghana,Western,Wassa Amenfi West
Ghana,Western,Wassa East
Ghana,Western North,Aowin
Ghana,Western North,Bia East
Ghana,Western North,Bia West
Ghana,Western North,Bibiani-Anhwiaso-Bekwai
Ghana,Western North,Bodi
Ghana,Western North,Juaboso
Ghana,Western North,Sefwi-Akontombra
Ghana,Western North,Sefwi-Wiawso
Ghana,Western North,Suaman
