Uuid,Void/Retire,Fully specified name:en,_order:2400
a5a5aaf1-541e-4ca6-9753-bd4b0e479f81,TRUE,Ciprofloxacin,
9881091b-1802-4c62-8b80-a8fcb170b59f,TRUE,Paracetamol,
f05a49a3-8930-434d-a6da-240f2e127754,TRUE,Streptomycin,
83c9a8d1-d282-437f-a882-ff4c3179908d,TRUE,Isoniazid,
38dcc101-d385-4771-b005-7ba9825ca0c6,TRUE,Rifampicin,
aa018411-bcb2-4392-ab5f-b489f7243612,TRUE,Ethambutol,
0a1d2888-fd53-4031-9470-ca2140f997a9,TRUE,Calcium,
5fd156c3-c76f-4067-9856-6a6bd1912a96,TRUE,Pyrazinamide,
01e09697-7bd1-42da-9c71-79f0fd1f8e02,TRUE,Pioglitazone,
e6701098-9f0e-41f9-9c9d-fcdb57715bef,TRUE,Glipizide,
38752a31-5b23-4957-ae0c-ecdbc6b0a489,TRUE,Aceclofenac,
783aff6f-c427-4511-8df4-872b87fad050,TRUE,Acyclovir,
d770fc0a-1482-4078-b0cd-9a91d9afe0e5,TRUE,Adrenaline,
8f668b49-584f-4cba-b0f2-817a8aaf50c4,TRUE,Albendazole,
80afda71-a024-4565-a936-9800fb3cb66d,TRUE,Allopurinol,
93ab76c0-6a9a-4d3e-9654-78dadae5db72,TRUE,Alprazolam,
15ed8cf2-f0bf-4cfa-9181-9a285e1349bd,TRUE,Amikacin,
d721dc0f-fcc0-4beb-801c-6c6c21baa5bf,TRUE,Amitriptyline,
73a42073-eff0-436c-aed3-3001b0a2b603,TRUE,Amlodipine & Atenolol,
627a6041-ad81-4968-8adf-2f49aec4433b,TRUE,Amoxicillin,
5af24242-1f58-40ef-a9a6-417cdf53c81c,TRUE,Amoxicillin & Clavulanate,
7d46eccd-e611-4476-a114-9abd22767947,TRUE,Amoxicillin & Clavulanic Acid,
f0dbd31e-d189-44ca-b3cb-4dfe7f88c08f,TRUE,Amoxicillin & Cloxacillin,
0212639d-bb3a-4307-9bb5-95c84e78b8ef,TRUE,Amphotericin B,
f9f69437-669d-4a3e-930b-b36994a2f9d4,TRUE,Ampicillin,
08c44970-d497-4270-8dad-e50a3df7e6a8,TRUE,Ampicillin & Cloxacillin,
d00fa604-4fe6-445d-81e9-7ae4aff8341f,TRUE,Antacid,
9cedc898-c7e5-4edb-8085-0a40f33645d0,TRUE,Antioxidant,
316441ec-c0fd-44bc-a040-c68f4da8d228,TRUE,Atenolol,
83902f85-63ba-4121-9446-940158804bc2,TRUE,Atorvastatin,
b4dc0131-0a26-477c-806a-f690225194d6,TRUE,Atropine,
12f2b5bc-a9be-4860-9393-03f30fa3f1cd,TRUE,Beclomethasone Dipropionate,
502820f5-5a8b-4ee9-beba-fcf23c1ec2f7,TRUE,Benzoic & Salicylic Acid,
9bc6c942-9da6-401f-ab44-87b95fa86830,TRUE,Benzoyl Peroxide,
a7ce5d88-1940-4569-b07b-97b12cb9656f,TRUE,Betamethasone,
208b5be3-5c5a-4a1f-9c9a-2779373c7d86,TRUE,Bupivacaine Hydrochloride,
bb2afe54-a7d9-4ee5-9823-5a53fe03b725,TRUE,Caffeine Citrate,
d08ec8fe-2d91-489f-a416-16af0a043b0b,TRUE,Calamine,
9a318894-5341-424f-a4ed-98bea3a5e0ce,TRUE,Calcium Gluconate,
aa367bfd-3846-4792-888d-32b13b13933b,TRUE,Carbamazine,
d4844d6b-4348-46ef-9dcf-f3d9c3541f83,TRUE,Cefadroxil,
d7301792-6622-49e7-8de1-1f5e8471529c,TRUE,Cefazolin,
4907047b-1435-4eaf-9645-b67fba8a2e23,TRUE,Cefepime,
4316906b-9ef4-4326-bd76-2988beed82a4,TRUE,Cefixime,
38d061a2-e963-49dd-86fb-c8444b5de4c3,TRUE,Ceftazidime,
dfeb53e9-4253-42fc-8f6e-edc6213c9515,TRUE,Cetirizine,
34f39ebd-e88e-4b74-b384-60eb9b3370e8,TRUE,Dipirone,
2d0057fc-7a3c-40df-b0fb-2ae2c004dad6,TRUE,Chlordiazepoxide,
e6787b61-c496-43e7-93c9-77a2eb043105,TRUE,Chlorhexidine Gluconate,
b48e38a8-b121-4cdf-91b9-469acd99273b,TRUE,Chloroquine,
b46265ad-397e-4db3-a439-594ff495f39f,TRUE,Chlorpheniramine,
b50c9258-d3cc-43ea-9855-1c2b685f4aa9,TRUE,Chlorpromazine,
a4391c57-549b-4047-8971-c3fa72e140b5,TRUE,Clarithromycine,
0797df4b-bdcd-4f4e-976e-b929874f814b,TRUE,Clobazam,
3bb38c6e-d972-4cee-89c9-a3bddf60f698,TRUE,Clobetasol Propionate,
3ecf1ff7-22e4-4846-90dc-10ed9255ce8e,TRUE,Clonazepan,
895ae798-25af-4232-b4a1-942b11abd446,TRUE,Clotrimazole,
1a785710-08a7-4798-b122-4c88d2a98b53,TRUE,Clotrimazole & Lignocaine,
ebfa6b78-15c2-4343-a240-31f9fce66723,TRUE,Clotrimazole Otic,
cbbde229-f044-43ae-9a34-504fb77ce42f,TRUE,Clove Oil,
1b535529-68fb-4bb5-bb5a-202ec74efb1d,TRUE,Cloxacillin,
62f52893-4ec1-4de6-8585-92da6d917579,TRUE,Codeine Phosphate,
55e6671b-f5c3-4699-8b76-a7f59701d35b,TRUE,Co-trimoxazole,
990f8299-6f88-49bc-af49-9fa3944d0fc1,TRUE,Cremaffin,
8ebd43a6-fc66-4c00-a0de-108c6acd5721,TRUE,Cycloserine,
e4a0426a-4235-416d-8089-84ae113808d6,TRUE,Dexamethasone,
49be9771-c89d-4b0d-a03c-ecd6283f0caa,TRUE,Dextrose,
8f29cfad-b34f-463b-b4f8-9ea56e4ea9d3,TRUE,Dextrose & Normal Saline (DNS),
eab2bb93-b2d1-42ef-817e-1b47d79d76db,TRUE,Diazepam,
391d02a4-2640-4d7b-900f-f74de8e1b6ed,TRUE,Diclofenac,
392ff197-bcb2-44f3-933c-6e8ecb3d926e,TRUE,Dicyclomine,
39e70f10-d942-4e2e-b976-28a629d6740b,TRUE,Diethylcarbamazine,
72005c75-6d84-468e-a28e-43ca17a7216a,TRUE,Digoxin,
0948a889-1da2-44a2-9e30-51c38874a65d,TRUE,Disodium Hydrogen Citrate,
b68192db-fc09-445f-9232-0ba54858e41d,TRUE,Domperidone,
f1e6e3c0-acf9-478a-b69e-94cf54a0d45b,TRUE,Dopamine,
b571adbe-388f-4219-be01-343738d3ed80,TRUE,Doxycycline,
d612ddcc-9d3b-4489-97e1-22893c9735df,TRUE,Enalapril,
e5c615d2-e6d6-463f-945b-92afb28e027f,TRUE,Ethamsylate,
706797d0-635b-44d3-a46c-ddbe0d8483c1,TRUE,Ethionamide,
7f097fc4-be12-4916-99e5-4ebdc8abe832,TRUE,Etophylline & Theophylline,
e2650794-cf62-4a1a-a678-0bcc3bf21323,TRUE,Finasteride,
32d6f1a8-7a0d-46f7-845a-84e3a27e686e,TRUE,Fluconazole,
ce9896a2-de40-4b8e-88fb-e6477eb27f18,TRUE,Fluoxetine,
9486be67-f05f-44a3-8962-0746f0904f1b,TRUE,Folic Acid,
a82fd4d8-1898-4aa3-86dd-5a0c09381a3f,TRUE,Frusemide,
81e598ec-f743-409e-8e35-1a682339042d,TRUE,Frusemide & Amiloride,
9f6c3927-2a31-485c-8735-f10b9951aef9,TRUE,Furosemide,
cb8b19e0-efae-44a2-923f-c65a08595cbf,TRUE,Furosemide & Spironolactone,
41bf087e-6031-4735-a310-7d6232f2b027,TRUE,Fusidic Acid,
0c0563de-cd06-49de-8b31-af79d668b81b,TRUE,Gabapentin,
f59f2ffe-18b9-4534-b15b-9e8f4ef41bbd,TRUE,Gamma Benzene Hexachloride & Cetrimide,
1b6b830c-068d-460d-8411-c42ffe7b0331,TRUE,Gentamycin,
c30f5267-e067-4e01-9b88-8f4ee5c7c069,TRUE,Gentian Violet,
e94c6d4c-589d-46c5-a971-99070df288a8,TRUE,Glimepiride,
6b90f8e8-2406-45f0-bec4-19d65477147f,TRUE,Glycerine & Sodium Chloride Enema,
604fc052-da3e-4032-aeb8-3f88a8041448,TRUE,Glyceryl Trinitrate,
5831575c-89a8-45d5-a02e-ac194d70c064,TRUE,Haloperidol,
a2956625-0a07-48b7-9344-3cb707dcd542,TRUE,Hydrocortisone,
fd8e84b9-be65-4a8f-b5e1-1b0f80a09035,TRUE,Hydrogen Peroxide,
44dbd31a-7c2d-422d-b584-004532e4aaff,TRUE,Hyoscine Butylbromide,
ff5cdb18-0258-4467-bf1f-35c7b6339767,TRUE,Ibuprofen,
46a9fa37-d6f2-4f72-8a16-c1a76008f508,TRUE,Ibuprofen & Paracetamol,
1550184e-b01e-487e-98e6-6be5affdd67d,TRUE,Indomethacin,
aee5f376-e00c-46f3-83ef-3759e54f85a1,TRUE,Insulin,
3fce12df-5872-4466-841c-2ec8e195733b,TRUE,Ipratropium,
d5a8fc85-6ee9-4983-a056-f4d3449f6af8,TRUE,Ipratropium Bromide,
c65d61af-b804-4a17-8f6b-b6d758fcf75a,TRUE,Isosorbide Mononitrate,
b4f9dd7f-4718-47ab-8697-9ce41548452e,TRUE,Ivermectin,
bc2a1619-fd05-479e-a122-5de978ef114d,TRUE,Ketamine,
73e9e187-7164-4e0a-bb36-0a7178406288,TRUE,Ketoconazole,
b24cc360-c046-44cf-a6be-e4aeb385992e,TRUE,Lactulose,
98dbb9b2-9859-4b68-b08a-78f88f629d40,TRUE,Levofloxacin,
9ee39084-8962-48d8-bb31-fb89337e8bce,TRUE,Levonorgestrel & Ethinylestradiol,
e61d0a67-a5a6-44e7-8907-6a82d765ca1f,TRUE,Levothyroxine,
7eb9a61f-a390-4bc4-bc07-c5b1520d3cb4,TRUE,Lignocaine,
c38432d2-3b74-4431-8b60-12a6b053394b,TRUE,Lignocaine & Adrenaline,
502a66e9-2eb3-4e13-926f-57fe9d393a94,TRUE,Losartan,
0bdba7cc-fcd1-41e1-8f79-6407d2835a78,TRUE,Magnesium,
00fe2104-f143-4250-ab30-d22ca130e685,TRUE,Mannitol,
00e041c7-1731-4d0f-bf0d-980192ad38c1,TRUE,Medroxyprogesterone,
fcac77cf-fd5d-4083-9426-1591531bdb84,TRUE,Medroxyprogesterone Acetate,
017dcf18-5ba3-4aac-b12a-27a5df1ffee5,TRUE,Methotrexate,
79ae8e90-0903-41fd-a727-deca362b1d2e,TRUE,Methylergometrine,
fa2a3b41-e500-45cd-8f93-e7d77d5db398,TRUE,Metoclopramide,
c929e588-db44-4d91-8040-d82cd21744d1,TRUE,Metronidazole & Diloxanide,
75fd74ef-1b85-4fac-9a44-b56eb5c2b2a3,TRUE,"Metronidazole, Chlorhexidine, Lignocaine & Menthol",
75354dd0-4650-438e-a819-b1bee23e0f0e,TRUE,Midazolam,
62000346-9e4b-4462-bd36-561804ad10ad,TRUE,Mifepristone & Misoprostol,
75523cab-d099-40a9-aaed-8ac097d88014,TRUE,Miltefosine,
30754108-af96-41aa-adee-2b6556bc48f3,TRUE,Mirtazapine,
eb3c251d-b345-4517-9438-8ffb9336ebc9,TRUE,Misoprostol,
77a46432-ce20-4aab-96dc-6a12feac08b4,TRUE,Naloxone,
a1b11bd9-f344-432a-877e-c12784c1acc1,TRUE,Neomycin & Polymyxin B & Bacitracin Zinc,
251a17f9-c229-4aee-9555-9bf7620b2a5a,TRUE,Nifedipine,
e678879b-630d-441c-aa5e-e93f6eff038f,TRUE,Nimesulide,
64d72b1f-2585-48e2-b66a-0da320d068da,TRUE,Nitrofurantoin,
cc4a27b0-78cb-4d3d-9c85-51f4a06d1f4a,TRUE,Normal Saline (NS),
3bb1e50f-7d8e-440e-8bc9-9736d147a5bd,TRUE,Ofloxacin,
df3f7c1f-dac8-429b-ba38-90d770c1253c,TRUE,Omeprazole,
4f4a63d6-b45c-48fa-9382-d35b6ea20c87,TRUE,Oral Hormonal Contraceptive Pills,
98764756-01cd-4a55-a339-b33ab13c4b46,TRUE,Oral Rehydration Solution (ORS),
e16636a1-5350-40b3-9a42-a806996687e0,TRUE,Oxymetazoline,
2a301cf3-7a51-487d-8a07-5f9db3baafd7,TRUE,Oxytocin,
2ba5c05a-357c-4469-b83b-2b8d30ca126c,TRUE,P Dextrose And Electrolyte Solution,
b3ed709f-f800-4ea9-bbba-f52c69ef0d86,TRUE,Pantoprazole,
2f24dfb3-a88d-435f-989d-12673a2a005b,TRUE,Paracetamol & Codeine Phosphate,
8686e582-0eff-45d6-bd70-a75f3478d338,TRUE,Paracetamol Paediatric,
214ebdfb-2940-42f8-a5e6-e04c2455c1c5,TRUE,Paradichloro Benzene,
9d7acd58-f181-4be0-9350-bcd152512451,TRUE,"Paradichlorobenzene, Benzocaine, Chlorbutol & Turpentine Oil",
ec1d2aab-f420-4442-94cc-425158e6d6e5,TRUE,Pheniramine,
a83d9a71-15da-4b26-81e6-c7845e3f5986,TRUE,Pheniramine Maleate,
172ca645-fdf5-4b81-b521-ded7718a869f,TRUE,Phenobarbitone,
885e1f5c-ad78-4614-98a6-b03760030a11,TRUE,Phenytoin,
818ef5bc-4455-4c4d-ba15-a9082ec416e9,TRUE,Pilex,
bcd42942-6c33-4195-a857-e3b62da29711,TRUE,Polyvalent Anti Snake Serum,
a5547d6c-7e42-4a50-94e2-8e6e73aa6afe,TRUE,Potassium Chloride,
159bc783-b046-433f-93ef-9b33496f962e,TRUE,Prednisolone,
2e873fde-66b3-41b4-bdb7-1c29c8d5e1cf,TRUE,Primaquine,
5ec1c55d-1874-4616-a950-585453a5b710,TRUE,Prochlorperazine Maleate,
983d2877-a259-4a77-8f0e-985e5b97fec7,TRUE,Promethazine,
5dd2c915-f10d-4e97-945d-bd62d7eae63c,TRUE,Promethazine Hydrochloride (HCl),
ed70dd9f-fa19-48e9-9218-ce2998c63c49,TRUE,Propofol,
062fc7f6-3d11-409a-96f7-a60cd8a71a36,TRUE,Propranolol,
14f9dc07-8881-41fe-aee6-0f2ab502d0c3,TRUE,Pyridoxine,
35191c44-1b60-4f6f-b378-d3bc34b83612,TRUE,Pyrimethamine Sulfadoxine,
a0660319-fed1-4830-ad75-4c9e02519fc5,TRUE,Rabeprazole Sodium,
4c187e9c-3623-4763-94b4-86426e6a447f,TRUE,Ranitidine,
b85c29f2-21fe-4384-ab1e-b98f35112702,TRUE,Risperidone,
b368b7f7-f87b-4414-9537-1f6bee82e448,TRUE,Ringers Lactate (RL),
9088359a-587f-4dbc-b13e-b3c38a07cd85,TRUE,Salbutamol,
1dd509c8-b38b-4e7e-abde-8fc87652efc5,TRUE,Salbutamol & Bromhexine,
702e6e2b-6098-4b48-9398-897faffe9e66,TRUE,Saline,
26eafc63-b224-4b57-afb9-55c7c4a7686e,TRUE,Silver Sulphadiazene,
c5d5c9ba-02fe-4c57-ad35-db23e8138561,TRUE,Sodium Valproate,
d4c72168-24b0-4d22-ba60-848e7c146333,TRUE,Spironolactone,
becdbefb-d88b-4a21-affa-46a2c5dbdbdb,TRUE,Sulfamethoxazole & Trimethoprim,
7d576a6f-1755-44f5-8fd6-2b3a848c6bb5,TRUE,Tetanus Antitoxin,
f97877a1-a7c1-4965-9c49-8cd5ad0c0a70,TRUE,Tetanus Immunoglobulin,
98b66058-5de5-4a1e-85ef-ec981bee6ad3,TRUE,Tetracycline Ophtalmic,
49abc01a-a419-4941-9d9b-8c6eacc105b0,TRUE,Tinidazole,
5d750d5c-8d7f-4917-a4db-42a252f1f42a,TRUE,Tizanidine,
34daf0c8-739f-4649-9d96-b45a32a233d6,TRUE,Tramadol,
c6557538-cc7e-4ca8-bfeb-80ff5c4f4976,TRUE,Tranexamic Acid,
89c0742a-477b-4292-bf7d-b9e57aa002f0,TRUE,Triamcinolone,
ace96e9a-ad72-49bc-a662-49f9b143f05c,TRUE,Trihexyphenidyl,
2e5adbd4-8ddf-4848-ade4-ebd8d16e9c3f,TRUE,Trypsin Chymotrypsin,
0a3353a4-ddf7-4a65-b882-3da94520c565,TRUE,Tuberculin Purified Protein Derivative (PPD),
ffa61758-5521-463b-a8a6-ca074f407fd2,TRUE,Valproic Acid,
040cf656-a2ac-4807-923f-a35eec824f0f,TRUE,Verapamil,
836b7f4c-9e3c-4a53-bb08-ab8990b5b9d8,TRUE,Vitamin B Complex,
62f323dd-2a15-43b3-a633-08114aa4984d,TRUE,Vitamin K,
5e97fe35-58df-4925-bba7-7c49d75268a1,TRUE,Warfarin,
e3d3ea1c-4e80-49d6-8e0c-57680f0139d5,TRUE,Zinc Sulphate,
095d1d67-1f62-4731-aa4e-a76bb77f2fa9,TRUE,Methimazole,
e770a760-5e8b-42d8-939f-c7b12ea3754f,TRUE,Multi-Vitamin Adult,
8a52cbaf-7303-44a8-ba47-976c4104f9d7,TRUE,Multi-Vitamin Children,
564a7a84-148f-4814-a520-d0351dbea6dc,TRUE,Multi-Vitamin Prenatal,
1e10d8c9-36f0-4d6b-8ff6-7a453876d512,TRUE,Tenormin,
72c81a79-f281-40ac-a54c-bed78c89e385,TRUE,Celecoxib,
f381801c-7c75-4ab9-bdfe-3caa07175dfc,TRUE,Calcium Carbonate,
da550975-a6c3-47f2-b568-1e2e749644c7,TRUE,Glipizide Er,
2dc41359-1deb-4a83-b5ae-82c7df066bb4,TRUE,Bacitracin,
984a9a0b-13f6-4bb4-b55d-c51d5ce225c9,TRUE,Nystatin,
0f5a1ae5-e52f-4252-96c4-895487daa4ff,TRUE,Valacyclovir,
18e51e1e-544c-4716-a87b-79748cb46229,TRUE,Gamma-Hexachlorocyclohexane,
43338e03-ed88-43c9-af23-995d91b94c0d,TRUE,Amoxicillin & Clauvulanate,
3c1e94bf-2892-461c-8d95-32bd533802a6,TRUE,Cefuroxime,
0fef4696-0ca0-4d5d-9fd2-69735171412f,TRUE,Atovaquone & Proquanil,
c5a918a7-e968-4836-b8c3-15f7e1b22373,TRUE,Fluticasone & Salmeterol,
04cda318-f9d2-4c09-bf27-8597b9bbdc68,TRUE,Budesonide & Formoterol,
39aee96f-314c-4535-a249-171b4191b70f,TRUE,Fluticasone Furoate & Vilanterol,
6ad5a53a-4d46-475e-9de9-d16a4ee9bbfe,TRUE,Tiotropium,
7e31f224-d756-41e6-9fd0-eb5ce3985460,TRUE,Budesonide,
445f380a-f693-4100-9c9a-e43b73635039,TRUE,Albuterol,
55db5ea6-2a10-4782-acbf-6971017de4b6,TRUE,Levabuterol,
5a26faba-ca4c-458c-9f41-2a75e242694e,TRUE,Polyethylene Glycol,
1a88b47f-b42f-414c-a159-c0261634441d,TRUE,Docusate Sodium,
e0e07cd2-9da6-492f-bbfa-8599e87ad9a4,TRUE,Senna,
2950f6c0-e75a-458e-9585-4096b9c759bf,TRUE,Loratadine,
1d4d3f02-ccf9-4c9e-b321-486b75c50924,TRUE,Diphenhydramine,
8d27dba5-b2ee-4f02-acb7-49e63267cdfe,TRUE,Prednisone,
fefa8262-934f-49c5-827f-be9533a4cd94,TRUE,Tramadol & Acetaminophen,
85be45f9-2e97-4427-a1f8-0d3b830bef11,TRUE,"Peanut, Sugar, Vegetable oil, Milk, Vitamins, minerals",
4d159957-5f5c-444c-9637-8ab41e564f1f,TRUE,Cyclobenzaprine,
6315c226-01f6-4c59-9332-74f5347c3ef7,TRUE,Permethrin,
965b643b-c07e-4959-8476-172e4aa5c4f9,TRUE,Miconozole,
af2ea7b7-e1f3-4e26-be0d-7d67242b8fd4,TRUE,Tolnoftate,
4ceec0ac-5c27-4c46-bb21-73dde18d02bd,TRUE,Lidocaine,
1b296ced-55cc-48b7-96c3-9447267d1302,TRUE,Benzyl Benzoate,
37466129-caab-4a63-b050-95f6d7024ef6,TRUE,Glyburide,
73e70d41-9b9c-467d-b7a8-8ca548d34031,TRUE,Cefaclor,
fdb394d2-4ed8-4a8f-be4b-a37e3a783537,TRUE,Famciclovir,
42bd60df-ddbb-402e-afb0-55479036d9c2,TRUE,Minocycline,
be063ef1-5a35-491c-b521-fd93bcad0117,TRUE,Clindamycin,
587a6e6e-3675-4c92-bac0-a5c99ce1425e,TRUE,Tobramycin & Dexamethasone,
fb23af41-6811-4e45-b0ee-dc1c0e2239cb,TRUE,Methylprednisolone,
17faad0f-246e-40fa-ba44-182e08ad51e5,TRUE,Tetrahydrozoline,
8f446491-b746-43ae-bb22-1511aa0c5e29,TRUE,Fexofenadine,
0e35f48a-437d-4f32-8b83-bfb20c814457,TRUE,Guaifenesin,
73e97253-5b15-4893-bd83-d4aca5f57eb7,TRUE,Aclidinium Bromide,
dbd7f53b-ea41-4cdd-bfe1-32d47536b469,TRUE,Amoxicillin & Clauvulanic Acid,
5a2b62f9-6254-4ef1-925b-0224f8dfefb1,TRUE,Atovaquone & Proquanil hydrochloride,
f5e348b5-ecd5-47cf-9a37-78e7ef08978d,TRUE,Captopril,
7c929bab-b652-4ef1-b0de-6d98c6cee180,TRUE,Chloroquine phosphate,
213140e7-8ea5-467e-8915-014de88149b2,TRUE,Corticosteroid,
8d26417d-5d45-4ca8-9d91-c18ae5792c8b,TRUE,Emollient Lotion,
bbd3baa3-64bc-443d-b794-d684b413d7dd,TRUE,Erythromycin estolate,
d49e1658-7a16-41d2-8937-4c785a8f6d4b,TRUE,Ferrous sulfate,
59c4799f-151b-4479-a9c8-a05a27893d29,TRUE,Fluticasone spray,
3332a02d-c154-45e8-ae0a-b9d36c899770,TRUE,Hydrocortisone & Acetic Acid,
36b65481-8912-496e-b26a-10da10cd1d4e,TRUE,Iptratropium bromide & albuterol,
6a5c3069-492d-4aa3-99a1-93497fb3d1c9,TRUE,Lansoprazole,
6ff87358-869f-4756-b74d-dda05de51848,TRUE,Odansetron hydrochloride,
28001e9e-9369-421a-8e01-f2d9d68f0784,TRUE,Oral rehydration therapy,
8540ed16-f5ba-4abb-b707-6abd20032a84,TRUE,Propranolol hydrochloride,
f7977809-0fbe-47a4-8905-e375bcb31f3f,TRUE,Saline flush,
516e7c1e-9019-4c19-a853-862e4a8fd8c1,TRUE,Sulfacetamide,
33bf57ae-526a-469f-8e88-a2fd07bd9da9,TRUE,Tiotropium powder,
e28a653a-d7fc-4158-989f-9515963ea3db,TRUE,Triple antibiotic,
70f0f39c-9a43-4902-9f56-d7f8007f5c6c,TRUE,Eye glasses,
3fc18bdb-948e-4573-add5-37d75853daf6,TRUE,Orthopedic device,
b88ca045-2707-4fff-b383-89840293334d,TRUE,Heatwrap,
84bb5c70-878b-45c3-96e7-3282e4121e02,TRUE,Alpha Methyl Dopa,
07470e7f-f959-4344-89f6-8e6a0f442bef,TRUE,Antipyrine,
66de98f3-03e1-4733-9534-1f59dee19429,TRUE,Apetamine,
a6ba4400-1db2-4d47-854f-3342204995ba,TRUE,Apressoline,
ca2598c9-64d9-475a-b506-b6cc81741a61,TRUE,Bebe Sirop,
7736310e-38d7-4a06-804b-086874b76876,TRUE,Bromhexine,
a4615855-e041-4352-baae-339940d274f7,TRUE,Co-Amoxiclav,
b50b13e1-4188-447d-8fbc-bd29fb91daa3,TRUE,Dolex,
ec4cfcae-c438-48fb-b2e5-e696d7172270,TRUE,Dypirone,
5f9d24b2-ac16-40eb-be4c-ab16af8f8faa,TRUE,Ergotamine,
d1274833-6c0e-480c-9c0a-b656156e6e7f,TRUE,Ferrous Folate,
f83db0a5-cf84-4d4e-a3bc-32eff500c578,TRUE,Fungobacter,
e6701098-9f0e-41f9-9c9d-fcdb57715bef,TRUE,Glipizide,
c1131909-2911-4aa2-8b6c-ae7927f0ee90,TRUE,Glibenclamide,
c9c0c627-7ba6-4880-a702-cfc985a296fa,TRUE,Griseofulvine,
7dc18dde-ad3f-405a-be1e-8fc15a01cd91,TRUE,Metoprolol,
f9608d19-a304-4508-9074-4858cd3ccbed,TRUE,Metronidazole and Nystatin,
dee29eca-5758-4d7f-a98d-9a20551aaac3,TRUE,Neomycin,
a86aa3b5-1e6e-4eb0-bc3c-e564d60eb490,TRUE,Benzocaine-Chloroxylenol,
3fc5c46f-9c31-46ef-b96e-a12216f93a62,TRUE,Simethicone,
3cba8193-4ffd-4cc3-828b-3269da016da5,TRUE,Simvastatin,
0f57f6ea-d4bf-4291-98a0-81eacbb8b49f,TRUE,Sorbitol,
8836eada-b012-423d-bb77-e4da796f5885,TRUE,"Acetaminophen,Pseudo-ephedrine,Dextrometorphan,Chlorpheniramine",
b7bab21f-5d84-4e48-b056-bdc25e696365,TRUE,Vitamin C,
e0cf9a43-ec8a-4b41-a856-688983c1a974,TRUE,Amino Acids and Vitamins,
b2727136-70f5-470b-81a2-26aeff3f346f,TRUE,"Levonorgestrel, Ethinylestradiol",
71eb922d-5a51-415a-a838-8a815280abfa,TRUE,Levonorgestrel,
6533b40f-a783-435f-9c92-19d5e7343d98,TRUE,Medroxyprojesterone acetate,
c103ec05-577d-4f64-85ec-54c361895198,TRUE,"Rifampicine, Isoniazide, Ethambutol, pyrazinamide",
606f9339-1430-4a00-8515-55095ef66c3b,TRUE,"Rifampicine, Isoniazide",
03fd8509-dd26-4e5f-bb17-70b66dcb5ad4,TRUE,Paracetamol & Chlorzoxasone,
0aa49771-8ef2-49cb-aa5d-0e2c842a0a1b,TRUE,Sevoflurane,
20cd9b9c-9821-43f9-b6e7-531796b7a624,TRUE,Succinylcholine,
f296897c-9b91-41e7-9af0-46a3ac07b9ce,TRUE,Rocuronium,
1b5edd5a-bf63-4fdd-8913-bfbf107a19ab,TRUE,Vecuronium,
86852158-699f-4522-af42-205a9bc758ca,TRUE,Neostigmine,
12b05d95-1ff2-49bf-b09e-706681e2f2d0,TRUE,Fentanyl,
1f70df91-2f8e-4d68-a40f-a2a47a2c2761,TRUE,Thiopental,
bc09e8b4-cd8f-4ffc-ae74-5db1d76aed11,TRUE,Bupivacaine spinal heavy,
5c07fc3a-5bcd-4282-9717-f0a3fbfe6f7e,TRUE,Lidocaine & Epinephrine,
8652f96c-4a08-4545-a466-42b485ea07b2,TRUE,Diphenidramine,
388ee6dc-41a5-478a-bc7c-2fdc9057ad23,TRUE,Complex B,
ced8473f-fd48-4058-a44b-7d8fb1a28c31,TRUE,"Complex B (B1, B6, B12)",
6ccf5902-c320-4367-88e4-211722dbfef8,TRUE,Multivitamin,
82cc193d-f772-4868-9c7f-5260500c7540,TRUE,Multivitamin & Lysine,
a5f95187-9584-4bf6-abb7-536325edbca6,TRUE,Ascorbic acid (Vit C),
f2bbf84c-646b-40a6-8265-6f6f9de694ab,TRUE,Phytomenadione (Vit K),
d58883a6-cd22-4d66-96dc-a2d3eace3d2e,TRUE,Proteines,
a7587ce7-f402-4ee3-b36b-4ab78d93d221,TRUE,Zinc,
d2b1ec52-b6e8-4646-be5b-6c5a850233b4,TRUE,Heparin,
cb8afacc-1b2c-493a-aad2-b67e69c73973,TRUE,Clopidogrel,
4b0d1e15-abe9-4954-8a77-08c52f621a12,TRUE,Nitroglycerin,
24a723ac-3117-4772-aa2f-180bd7e2f026,TRUE,Amiodarone,
b78b18d6-b1ac-48dc-8111-5ab4ba588514,TRUE,Nitroglycerin (Glycerine Trinitrate),
91e206fa-fc82-43e1-a72b-dd1653b41428,TRUE,Isosorbide dinitrate,
b87151c8-136b-4986-90bd-ca472176a08c,TRUE,Hydralazine,
2abaf024-1a07-4828-ad80-cff39e62c1f4,TRUE,Methyldopa,
f9c6a3f8-a5d0-4034-ac77-e413c4b3c620,TRUE,Labetalol,
428df146-4254-42d2-90cb-9a5d1bb95e3b,TRUE,Nicardipine,
2a1522a5-45f4-4cdd-ab7e-475724bdf32a,TRUE,Sprironolactone,
0d935b47-6288-4856-b0b5-aa0f168dce69,TRUE,Nifedepine SR,
ba3cd2c4-d28f-4546-86d6-f6906fffc046,TRUE,Carvedilol,
8d8f4ed5-37b7-4eeb-b1d1-47ec84fedb18,TRUE,Metoprolol tartrate,
40e6108c-3561-4478-9df7-e5385277edd4,TRUE,Propranalol,
94fad0f0-89b2-4489-9af0-043c4c40f529,TRUE,Phenobarbital,
5b2fd057-c9f9-4603-b471-28b71c9ac864,TRUE,Protamine,
ddc56548-b688-4cd2-9402-0e2058407877,TRUE,Insulin regular,
468716a5-6e90-42c1-b870-59ae0911875a,TRUE,Insulin NPH,
6e1f9544-89f0-4fb4-a0b1-fa4d457da618,TRUE,Insulin (Fast & Long Acting),
ce130684-6cc5-4495-8c9e-24997c4d897f,TRUE,Albumin,
2dbd29cf-a0bc-4bfc-bb20-95dfd8c05245,TRUE,Dextran,
02a15b77-9093-4265-b422-4c4b218fc489,TRUE,Gelofusine,
409beedf-4f72-4f1c-9478-908917c11a8f,TRUE,Calcium chloride,
800bb234-aabc-449c-ad8e-7510446dc1b1,TRUE,Sodium bicarbonate,
861a302b-cb47-4fc4-82ac-65ba4e971ff9,TRUE,Aluminum & Magnesium hydroxide & Simethicone,
93c9e6d7-71f0-4817-8e64-1c12469cff4c,TRUE,Bisacodyl,
ecff0e05-2d5d-40b8-8112-22ee733b17a1,TRUE,Sodium phosphate (Fleet's),
2f427b27-c1ba-43e8-a3e1-bda24d9ec103,TRUE,"Nitrofurasone, Neomycin, Dexamethasone (Otofuran®)",
c2d40d92-735f-42fe-88e2-be50a53c8f97,TRUE,Latanoprost,
6f53a9b8-b484-4899-a020-033500546631,TRUE,Trobramycin,
cecfff9f-6e73-4c65-b4a2-43883973b0c5,TRUE,Ketorolac,
4bfe538d-32d9-40bc-84de-ff5dc043a301,TRUE,Sodium hyaluronate,
23df848e-435a-4f8a-b6bc-27235b98e018,TRUE,Timolol,
e5a0d185-4c6a-42c8-a21e-e7436720d03c,TRUE,Sodium hyaluronate & Oxymetazoline,
8ebe6adf-72e3-495e-860f-c4a71ffc8016,TRUE,Sodium chloride,
3ea490ec-60e1-446e-83ca-6f5d1da8c2e6,TRUE,Brimonidine tartrate,
b39042a0-345a-478c-8f8c-91286aa066d6,TRUE,Betaxolol,
04c434fc-ab58-4a4f-84c5-18e6eaa08646,TRUE,Brimonidine & timolol,
3d0fed4d-1fd4-44a4-99fd-d59401067134,TRUE,Dorzolamine & timolol,
975c29db-ab3a-4c08-a3fb-829f79a6a7e8,TRUE,Pilocarpine,
32ed8cb1-bc73-44aa-934d-bf7626154af8,TRUE,Cyclopentolate,
c5e3d595-76ae-4bf0-81d2-b3db54c36e6b,TRUE,Propacaine,
8d6744e1-4607-4cef-abd6-0827113e9cbe,TRUE,Phenylephrine,
e1b3ec78-175f-449b-a689-250641da6a05,TRUE,Salbutamol & Iprotopium bromide,
b2841832-add7-4c6d-aa6e-425b97bb717d,TRUE,Alcohol,
66010c7d-dd21-4f83-b950-e2fff1ff6a73,TRUE,Chlorhexidine,
cee47202-131e-46b9-8d23-3321cc03f750,TRUE,Eucerin,
f3ea42fb-f51f-4083-8b63-d787f8e991c5,TRUE,Phenylephrine & pramoxine,
73bbac06-6b84-4d1c-b961-9fd6437ba89f,TRUE,Mineral oil,
dd850b07-d068-441b-a4e9-a806b4f8f004,TRUE,Neomycin & Bacitracin,
5b1d3ede-3a08-4939-9b37-887bb63f68f9,TRUE,Permanganate potassium,
6985c680-2c42-440a-bbbf-bedeeefe71e7,TRUE,Petrolatum,
f7ae1d83-7687-45da-8327-8bf5532618e9,TRUE,Povidone iodine,
89e4c545-85af-4d9c-9e8c-c8e54f815cf0,TRUE,Silver sulfadiazine,
407ff256-aa15-4dac-92c1-8173ba46232c,TRUE,Benzathine penicillin,
2bcf9bff-87d5-4abc-b95b-e212f6861dc5,TRUE,Benzyl penicillin,
aee293c2-1ca7-413e-b85a-50ae41bc5305,TRUE,Benzyl penicillin Procaine,
1605530b-1d7a-4a66-bb68-9be3c40d0c74,TRUE,Cefalexin,
a93ad5bd-6f39-45d1-8fa7-d21c5bbc7ddd,TRUE,Cefotaxime,
404e784f-e4d8-427d-ad64-196348672168,TRUE,Erythromycin,
9019b2e5-62fd-4238-b448-909a44f845ca,TRUE,Gentamicin,
36d8bcf5-01f1-4c60-ac78-a7b5ccd31f2d,TRUE,Quinine sulfate,
facb9b18-efad-4c4f-8855-0d20316a9326,TRUE,Serum antitetatique,
41f47998-29ae-4f21-ad8c-32c50d0939f6,TRUE,Vancomycin,
ab684df6-849b-42f7-84db-e4d974d3941c,TRUE,Rifampicin & Isoniazide & Pyrazinamide,
a75e7808-8b0a-4fbd-9ec9-244d632d71a8,TRUE,Rifampicin & Izsoniazide & Ethambutol,
f292890a-e7ea-4dc8-b505-79e329e31b52,TRUE,Abacavir (ABC),
5c8b92d4-a633-4d47-bb89-b08a65aea42e,TRUE,Atazanavir & Ritonavir,
db3f2064-e3e5-450d-82d1-e07944d48430,TRUE,Didanosine (DDI),
6744c8d5-ac9b-4552-ab55-6e9b2d235b75,TRUE,Efavirenz (ENV or EFZ),
da210f84-25d6-45a1-a8f4-7da11dadb24b,TRUE,Efavirenz & Lamivudine & Tenofovir,
55f59f64-9160-4a5a-865a-ac7bbaff3833,TRUE,Lamivudine (3TC),
dd2af8e4-fc75-4dc6-b66b-18cab45f01c5,TRUE,Lamivudine & Tenofovir,
63405d09-cdb2-4ced-995d-fa4eef9f8781,TRUE,Lopinavir & Ritonavir (LPV/r),
1bcc8df8-076b-46f6-afc0-c1cbf9e33438,TRUE,Nevirapine (NVP),
dc93032f-aff4-445f-bc64-c4524ca314ac,TRUE,Tenofovir,
e14ca630-37ba-4a2b-94ac-fd2c3fa01d10,TRUE,Zidovudine (AZT),
72e3dc8b-9d9c-4978-b3a7-773df0045460,TRUE,Zidovudine & Lamivudine (AZT/3TC),
32369173-ba00-455c-a85e-b0377e24a948,TRUE,Zidovudine & Lamivudine & Nevirapine (AZT/3TC/NVP),
4f60c141-9051-4f22-a4b1-f286e17681a8,TRUE,BCG vaccine,
b5a7051e-b3c0-4aa7-b4aa-9b5a3b64e1af,TRUE,Moderna Covid 19 Vaccine,
0158e0b1-5fe4-4238-b06d-7fdede7b261a,TRUE,Pfizer-BioNTech Covid 19 Vaccine,
0d4c670b-5107-4c4f-8bb8-0e564b54f980,TRUE,Johnson & Johnson Covid 19 Vaccine,
556d6907-f002-42e9-96ba-af6c6f4b6d2e,TRUE,Oral polio vaccine (OPV),
e981d07a-3541-4c09-9916-cc1460757c7b,TRUE,Polio Vaccine-Inactivated Vaccine (IPV),
7a849926-646e-4e96-948e-68dfe6272591,TRUE,Measles Rubella Vaccine (MR),
613c8c54-a1f5-435c-a1f0-ec9beaa42d06,TRUE,Pentavalent Vaccine (Penta),
7dc377e9-793c-4ad5-8d79-59811de57d31,TRUE,Rotavirus Vaccine (Rota),
51ef2b9a-2ac7-4903-9594-c1bdb88eb10d,TRUE,Diphtheria Tetanus Vaccine (DT),
59381959-d0c2-4bfb-9da5-fbf75a046827,TRUE,Diphtheria Tetanus Pertusis Vaccine (DTP),
c1c2676e-0533-40f7-89b4-f6f071817e02,TRUE,Pneumococcal Vaccine (PCV13),
c5032f5b-11b8-49f2-a183-bd3d3a95df31,TRUE,Ready-to-Use Supplementary Foods,
92836bbe-aa15-458f-97d6-96da0a5a2345,TRUE,Aminophyllin,
51aba50f-c957-494b-aae9-c8137e56d303,TRUE,Biperidene lactate,
c731f7a1-669d-43fe-89b4-1cc4655c7156,TRUE,Calcium & vit,
ebe04ba6-768f-42e5-9933-a5449b51a210,TRUE,Activated charcoal,
a67db321-80d4-41f0-be6a-24f50d11c804,TRUE,Cisatracurium,
f4392a22-8b70-44b1-ae74-78ea084b76ef,TRUE,Clomifen citrate,
28ed2e52-c83c-4956-95f2-0b4cf1c27655,TRUE,Cortisone & antibiotic & antimycotic,
18b4fab2-68da-4ea4-9f05-4664ac6d855d,TRUE,Dextran in NaCl,
14146168-c1af-414c-b211-679cf1952d3d,TRUE,Enoxaparin,
e198d906-4a82-42bb-bc03-38d8083ca324,TRUE,Ephedrine,
62313920-a030-48fa-aa97-db7b3afadaba,TRUE,Esmolol,
153a837f-9c6b-4011-b062-0add78571d1a,TRUE,Etomidate,
1a615bb7-2fc4-419c-98b9-93f05e3953b8,TRUE,Fenofibrate,
0a5315d5-9599-43ac-868a-96a4278a617a,TRUE,Fer elementaire & Acide folique,
56a2f553-a2f8-4a85-b66d-b6d0db670515,TRUE,Flumazenil,
9643b503-02ec-4fde-aeb1-a293dc8d7c75,TRUE,Glycopyrrolate,
b07006a3-62c1-485a-b8ef-af0de629d04c,TRUE,Hialorunate de Na+,
bd8f1042-b1bd-4bb2-8b3b-fbda065e371f,TRUE,Hialorunate de Na+ et oxymetazoline,
3673e2b5-63bd-400a-a499-87d15e50d8a7,TRUE,Hydrocortisone hemorrhoidal,
7055f997-aef8-4c05-9b18-6e002c6add03,TRUE,Rabies immunoglobulins,
13c78cde-f14e-4ce9-94db-67e549dc8903,TRUE,Formula Milk,
4c7472fd-a025-49a1-bdca-ffd7d4fd766f,TRUE,Lidocaine w & epinephrine dental,
89ed13af-d803-46dc-a1f2-3db6c5b8969b,TRUE,Meperidine,
9cf2bb23-9d7c-4281-862c-aa1e5ed94802,TRUE,MTV & Fer gttes (pr neonato),
3009dd8b-d64f-44a0-ba23-2e33ca11279b,TRUE,Nitroprussiate,
70298171-26e2-4e1c-8b46-036b09e52af9,TRUE,Noradrenaline,
8f63ffb3-f3cc-4242-8de4-1c1b097a14ad,TRUE,Parenteral nutrition (peripheral at least),
677d828f-8b7f-4fae-9391-f726b4eae941,TRUE,Petroleum,
1fe88165-4877-427f-846e-b3b310039f15,TRUE,Propafenone,
a90d51dd-bd38-4534-8ff6-d363d7f11fb0,TRUE,Glycerin,
c7eb7c7d-55d5-4163-acc4-35b14b715a96,TRUE,Bupivacaine,
5f373a4f-5793-4660-9868-87df0eca033a,TRUE,Propylthiouracil,
3ea17ac3-945f-48aa-a651-cd61ee838e97,TRUE,Protamine sulfate,
3ab0a0ea-241d-42f4-8f86-b256c848f947,TRUE,Sildenafil,
fb7fc6f2-d105-4063-a35a-113e71857c5a,TRUE,Streptokinase,
c02185e2-eee3-4f1a-bb99-501d565499cd,TRUE,Tamoxifen,
d22ab275-609b-458b-ba00-b9697af0bd41,TRUE,Tobramycin,
a52f6561-87d2-4f1c-b173-42ed8d27aaa7,TRUE,Tocopherol,
fb9b6f7f-af33-4988-8865-7e2b7ea20f92,TRUE,Vasopressin,
f2300d2e-7751-4504-aff4-7d8f68e14165,TRUE,Vitamins A and D,
eac72f49-5761-42bd-94f5-d2ea19810bd1,TRUE,Voltaren,
a5a5aaf1-541e-4ca6-9753-bd4b0e479f81,TRUE,Ciprofloxacin,
136d7f67-07d7-48f3-9bc8-8b275f0d45c3,TRUE,Someticone,
bb9c9e33-00db-4f9f-b230-adde3df9b092,TRUE,Primoquine,
497457dc-48c1-40f9-8261-0bd9f4bf6b21,TRUE,Dyphenhydramine,
48bcdab5-adb0-4229-aef3-1168a51c2932,TRUE,Eucalyptus & Diphenhydramine & Phenylephrine,
a5a5aaf1-541e-4ca6-9753-bd4b0e479f81,TRUE,Ciprofloxacin,
136d7f67-07d7-48f3-9bc8-8b275f0d45c3,TRUE,Someticone,
bb9c9e33-00db-4f9f-b230-adde3df9b092,TRUE,Primoquine,
497457dc-48c1-40f9-8261-0bd9f4bf6b21,TRUE,Dyphenhydramine,
48bcdab5-adb0-4229-aef3-1168a51c2932,TRUE,Eucalyptus & Diphenhydramine & Phenylephrine,
984e4058-d87f-489f-a28d-138c90565666,TRUE,Silver Nitrate,
a546446e-e789-4d02-b02f-c938c6bd373f,TRUE,Boric acid & Antipyrine & Ephedrine,
252159dc-3a8c-4587-801f-762118de992c,TRUE,Belladona & Phenobarbital,
8f8920be-f144-4fba-b4db-d32940dcea04,TRUE,Dequalinium & Lidocaine,
05130695-8005-4d57-a803-111265f0f4c1,TRUE,Diclofenac & Vitamin B complex,
66c997ab-d252-43e5-94ca-b5925a60fdbb,TRUE,Diclofenac & Methocarbamol & Paracetamol,
5ac2861d-71e9-4488-bf29-449d555ddfcb,TRUE,Diosmine & Hesperidine,
909ea570-031b-422e-b28d-17b7f492a1b9,TRUE,Gemfibrozil,
1d47e474-4ae6-4e47-9b69-2ce6ed7399ac,TRUE,Glucosamine & Chondroitin,
a30dc1f2-a26b-4bc0-90a4-e7eb7feea473,TRUE,Nystatin & Zinc Oxide,
bcf73538-3f39-4429-a30d-8499609942cd,TRUE,Multivitamin & Iron,
d644e9bd-7ae2-4ef3-b7b7-739816051213,TRUE,Pentoxifylline,
792871a0-4a52-4e5d-bdd2-4fd49d636227,TRUE,Podophillin,
