Uuid,Void/Retire,Fully specified name:en,Data class,Data type,Same as mappings,_version:1,_order:2500
100AAAAAAAAAAAAAAAAAAAAAAAAAAAAAAAAA,,Gentamicin,Drug,N/A,CIEL:100,,
282AAAAAAAAAAAAAAAAAAAAAAAAAAAAAAAAA,,"Insulin, regular",Drug,N/A,CIEL:282,,
351AAAAAAAAAAAAAAAAAAAAAAAAAAAAAAAAA,,Oral rehydration salts,Drug,N/A,CIEL:351,,
431AAAAAAAAAAAAAAAAAAAAAAAAAAAAAAAAA,,Hyoscine butylbromide,Drug,N/A,CIEL:431,,
450AAAAAAAAAAAAAAAAAAAAAAAAAAAAAAAAA,,Amoxicillin and clavulanic acid,Drug,N/A,CIEL:450,,
461AAAAAAAAAAAAAAAAAAAAAAAAAAAAAAAAA,,Multivitamin,Drug,N/A,CIEL:461,,
773AAAAAAAAAAAAAAAAAAAAAAAAAAAAAAAAA,,Ferrous sulfate and folic acid,Drug,N/A,CIEL:773,,
798AAAAAAAAAAAAAAAAAAAAAAAAAAAAAAAAA,,Salbutamol,Drug,N/A,CIEL:798,,
913AAAAAAAAAAAAAAAAAAAAAAAAAAAAAAAAA,,Chlorphenamine,Drug,N/A,CIEL:913,,
931AAAAAAAAAAAAAAAAAAAAAAAAAAAAAAAAA,,Amitriptyline,Drug,N/A,CIEL:931,,
1447AAAAAAAAAAAAAAAAAAAAAAAAAAAAAAAA,,Artemether-lumefantrine,Drug,N/A,CIEL:1447,,
1513AAAAAAAAAAAAAAAAAAAAAAAAAAAAAAAA,,Tablet,Misc,N/A,CIEL:1513,,
1515AAAAAAAAAAAAAAAAAAAAAAAAAAAAAAAA,,Syrup,Misc,N/A,CIEL:1515,,
1516AAAAAAAAAAAAAAAAAAAAAAAAAAAAAAAA,,Solution for injection,Misc,N/A,CIEL:1516,,
1520AAAAAAAAAAAAAAAAAAAAAAAAAAAAAAAA,,Ophthalmic ointment,Misc,N/A,CIEL:1520,,
1608AAAAAAAAAAAAAAAAAAAAAAAAAAAAAAAA,,Capsule,Misc,N/A,CIEL:1608,,
1940AAAAAAAAAAAAAAAAAAAAAAAAAAAAAAAA,,Oral suspension,Drug form,N/A,CIEL:1940,,
70116AAAAAAAAAAAAAAAAAAAAAAAAAAAAAAA,,Acetaminophen,Drug,N/A,CIEL:70116,,
70125AAAAAAAAAAAAAAAAAAAAAAAAAAAAAAA,,Acetazolamide,Drug,N/A,CIEL:70125,,
70148AAAAAAAAAAAAAAAAAAAAAAAAAAAAAAA,,Acetylcysteine,Drug,N/A,CIEL:70148,,
70229AAAAAAAAAAAAAAAAAAAAAAAAAAAAAAA,,Activated charcoal,Drug,N/A,CIEL:70229,,
70245AAAAAAAAAAAAAAAAAAAAAAAAAAAAAAA,,Acyclovir,Drug,N/A,CIEL:70245,,
70439AAAAAAAAAAAAAAAAAAAAAAAAAAAAAAA,,Albendazole,Drug,N/A,CIEL:70439,,
70878AAAAAAAAAAAAAAAAAAAAAAAAAAAAAAA,,Allopurinol,Drug,N/A,CIEL:70878,,
71101AAAAAAAAAAAAAAAAAAAAAAAAAAAAAAA,,Aminophylline,Drug,N/A,CIEL:71101,,
71137AAAAAAAAAAAAAAAAAAAAAAAAAAAAAAA,,Amlodipine,Drug,N/A,CIEL:71137,,
71160AAAAAAAAAAAAAAAAAAAAAAAAAAAAAAA,,Amoxicillin,Drug,N/A,CIEL:71160,,
71188AAAAAAAAAAAAAAAAAAAAAAAAAAAAAAA,,Ampicillin,Drug,N/A,CIEL:71188,,
71560AAAAAAAAAAAAAAAAAAAAAAAAAAAAAAA,,Artemether,Drug,N/A,CIEL:71560,,
71561AAAAAAAAAAAAAAAAAAAAAAAAAAAAAAA,,Artesunate,Drug,N/A,CIEL:71561,,
71617AAAAAAAAAAAAAAAAAAAAAAAAAAAAAAA,,Aspirin,Drug,N/A,CIEL:71617,,
71652AAAAAAAAAAAAAAAAAAAAAAAAAAAAAAA,,Atenolol,Drug,N/A,CIEL:71652,,
71665AAAAAAAAAAAAAAAAAAAAAAAAAAAAAAA,,Atorvastatin,Drug,N/A,CIEL:71665,,
71681AAAAAAAAAAAAAAAAAAAAAAAAAAAAAAA,,Atropine,Drug,N/A,CIEL:71681,,
71780AAAAAAAAAAAAAAAAAAAAAAAAAAAAAAA,,Azithromycin,Drug,N/A,CIEL:71780,,
71917AAAAAAAAAAAAAAAAAAAAAAAAAAAAAAA,,Beclomethasone dipropionate,Drug,N/A,CIEL:71917,,
71983AAAAAAAAAAAAAAAAAAAAAAAAAAAAAAA,,Bendroflumethiazide,Drug,N/A,CIEL:71983,,
72063AAAAAAAAAAAAAAAAAAAAAAAAAAAAAAA,,Benzoyl peroxide,Drug,N/A,CIEL:72063,,
72071AAAAAAAAAAAAAAAAAAAAAAAAAAAAAAA,,Benztropine,Drug,N/A,CIEL:72071,,
72075AAAAAAAAAAAAAAAAAAAAAAAAAAAAAAA,,Benzyl benzoate,Drug,N/A,CIEL:72075,,
72139AAAAAAAAAAAAAAAAAAAAAAAAAAAAAAA,,Betaxolol hydrochloride,Drug,N/A,CIEL:72139,,
72223AAAAAAAAAAAAAAAAAAAAAAAAAAAAAAA,,Bisacodyl,Drug,N/A,CIEL:72223,,
72247AAAAAAAAAAAAAAAAAAAAAAAAAAAAAAA,,Bisoprolol,Drug,N/A,CIEL:72247,,
72484AAAAAAAAAAAAAAAAAAAAAAAAAAAAAAA,,Budesonide,Drug,N/A,CIEL:72484,,
72621AAAAAAAAAAAAAAAAAAAAAAAAAAAAAAA,,Calamine,Drug,N/A,CIEL:72621,,
72660AAAAAAAAAAAAAAAAAAAAAAAAAAAAAAA,,Calcium carbonate,Drug,N/A,CIEL:72660,,
72678AAAAAAAAAAAAAAAAAAAAAAAAAAAAAAA,,Calcium gluconate,Drug,N/A,CIEL:72678,,
72822AAAAAAAAAAAAAAAAAAAAAAAAAAAAAAA,,Carbamazepine,Drug,N/A,CIEL:72822,,
72848AAAAAAAAAAAAAAAAAAAAAAAAAAAAAAA,,Carbimazole,Drug,N/A,CIEL:72848,,
72861AAAAAAAAAAAAAAAAAAAAAAAAAAAAAAA,,Carbocysteine,Drug,N/A,CIEL:72861,,
72987AAAAAAAAAAAAAAAAAAAAAAAAAAAAAAA,,Cefaclor,Drug,N/A,CIEL:72987,,
73018AAAAAAAAAAAAAAAAAAAAAAAAAAAAAAA,,Cefotaxime,Drug,N/A,CIEL:73018,,
73041AAAAAAAAAAAAAAAAAAAAAAAAAAAAAAA,,Ceftriaxone,Drug,N/A,CIEL:73041,,
73043AAAAAAAAAAAAAAAAAAAAAAAAAAAAAAA,,Cefuroxime,Drug,N/A,CIEL:73043,,
73048AAAAAAAAAAAAAAAAAAAAAAAAAAAAAAA,,Celecoxib,Drug,N/A,CIEL:73048,,
73136AAAAAAAAAAAAAAAAAAAAAAAAAAAAAAA,,Cetirizine,Drug,N/A,CIEL:73136,,
73138AAAAAAAAAAAAAAAAAAAAAAAAAAAAAAA,,Cetrimide,Drug,N/A,CIEL:73138,,
73239AAAAAAAAAAAAAAAAAAAAAAAAAAAAAAA,,Chloramphenicol,Drug,N/A,CIEL:73239,,
73263AAAAAAAAAAAAAAAAAAAAAAAAAAAAAAA,,Chlorhexidine,Drug,N/A,CIEL:73263,,
73330AAAAAAAAAAAAAAAAAAAAAAAAAAAAAAA,,Chlorpromazine,Drug,N/A,CIEL:73330,,
73449AAAAAAAAAAAAAAAAAAAAAAAAAAAAAAA,,Ciprofloxacin,Drug,N/A,CIEL:73449,,
73498AAAAAAAAAAAAAAAAAAAAAAAAAAAAAAA,,Clarithromycin,Drug,N/A,CIEL:73498,,
73546AAAAAAAAAAAAAAAAAAAAAAAAAAAAAAA,,Clindamycin,Drug,N/A,CIEL:73546,,
73565AAAAAAAAAAAAAAAAAAAAAAAAAAAAAAA,,Clobetasol propionate,Drug,N/A,CIEL:73565,,
73624AAAAAAAAAAAAAAAAAAAAAAAAAAAAAAA,,Clotrimazole,Drug,N/A,CIEL:73624,,
73628AAAAAAAAAAAAAAAAAAAAAAAAAAAAAAA,,Cloxacillin,Drug,N/A,CIEL:73628,,
73667AAAAAAAAAAAAAAAAAAAAAAAAAAAAAAA,,Codeine,Drug,N/A,CIEL:73667,,
74609AAAAAAAAAAAAAAAAAAAAAAAAAAAAAAA,,Dexamethasone,Drug,N/A,CIEL:74609,,
74666AAAAAAAAAAAAAAAAAAAAAAAAAAAAAAA,,Dextromethorphan,Drug,N/A,CIEL:74666,,
74676AAAAAAAAAAAAAAAAAAAAAAAAAAAAAAA,,"Dextrose, anhydrous",Drug,N/A,CIEL:74676,,
74745AAAAAAAAAAAAAAAAAAAAAAAAAAAAAAA,,Diazepam,Drug,N/A,CIEL:74745,,
74778AAAAAAAAAAAAAAAAAAAAAAAAAAAAAAA,,Diclofenac,Drug,N/A,CIEL:74778,,
74860AAAAAAAAAAAAAAAAAAAAAAAAAAAAAAA,,Digoxin,Drug,N/A,CIEL:74860,,
74874AAAAAAAAAAAAAAAAAAAAAAAAAAAAAAA,,Dihydrocodeine,Drug,N/A,CIEL:74874,,
75222AAAAAAAAAAAAAAAAAAAAAAAAAAAAAAA,,Doxycycline,Drug,N/A,CIEL:75222,,
75688AAAAAAAAAAAAAAAAAAAAAAAAAAAAAAA,,Enoxaparin sodium,Drug,N/A,CIEL:75688,,
75720AAAAAAAAAAAAAAAAAAAAAAAAAAAAAAA,,Ephedrine,Drug,N/A,CIEL:75720,,
75722AAAAAAAAAAAAAAAAAAAAAAAAAAAAAAA,,Ephedrine hydrochloride,Drug,N/A,CIEL:75722,,
75744AAAAAAAAAAAAAAAAAAAAAAAAAAAAAAA,,Epinephrine,Drug,N/A,CIEL:75744,,
75801AAAAAAAAAAAAAAAAAAAAAAAAAAAAAAA,,Ergonovine,Drug,N/A,CIEL:75801,,
75805AAAAAAAAAAAAAAAAAAAAAAAAAAAAAAA,,Ergotamine,Drug,N/A,CIEL:75805,,
75842AAAAAAAAAAAAAAAAAAAAAAAAAAAAAAA,,Erythromycin,Drug,N/A,CIEL:75842,,
75875AAAAAAAAAAAAAAAAAAAAAAAAAAAAAAA,,Esomeprazole,Drug,N/A,CIEL:75875,,
76305AAAAAAAAAAAAAAAAAAAAAAAAAAAAAAA,,Ferric ammonium citrate,Drug,N/A,CIEL:76305,,
76335AAAAAAAAAAAAAAAAAAAAAAAAAAAAAAA,,Ferrous fumarate,Drug,N/A,CIEL:76335,,
76342AAAAAAAAAAAAAAAAAAAAAAAAAAAAAAA,,Ferrous sulfate,Drug,N/A,CIEL:76342,,
76464AAAAAAAAAAAAAAAAAAAAAAAAAAAAAAA,,Floxacillin,Drug,N/A,CIEL:76464,,
76488AAAAAAAAAAAAAAAAAAAAAAAAAAAAAAA,,Fluconazole,Drug,N/A,CIEL:76488,,
76552AAAAAAAAAAAAAAAAAAAAAAAAAAAAAAA,,Fluoxetine,Drug,N/A,CIEL:76552,,
76555AAAAAAAAAAAAAAAAAAAAAAAAAAAAAAA,,Flupentixol,Drug,N/A,CIEL:76555,,
76586AAAAAAAAAAAAAAAAAAAAAAAAAAAAAAA,,Fluticasone,Drug,N/A,CIEL:76586,,
76613AAAAAAAAAAAAAAAAAAAAAAAAAAAAAAA,,Folic acid,Drug,N/A,CIEL:76613,,
76734AAAAAAAAAAAAAAAAAAAAAAAAAAAAAAA,,Furosemide,Drug,N/A,CIEL:76734,,
77029AAAAAAAAAAAAAAAAAAAAAAAAAAAAAAA,,Gliclazide,Drug,N/A,CIEL:77029,,
77031AAAAAAAAAAAAAAAAAAAAAAAAAAAAAAA,,Glimepiride,Drug,N/A,CIEL:77031,,
77037AAAAAAAAAAAAAAAAAAAAAAAAAAAAAAA,,Glucagon,Drug,N/A,CIEL:77037,,
77071AAAAAAAAAAAAAAAAAAAAAAAAAAAAAAA,,Glyburide,Drug,N/A,CIEL:77071,,
77164AAAAAAAAAAAAAAAAAAAAAAAAAAAAAAA,,Griseofulvin,Drug,N/A,CIEL:77164,,
77204AAAAAAAAAAAAAAAAAAAAAAAAAAAAAAA,,Guaifenesin,Drug,N/A,CIEL:77204,,
77335AAAAAAAAAAAAAAAAAAAAAAAAAAAAAAA,,Haloperidol,Drug,N/A,CIEL:77335,,
77675AAAAAAAAAAAAAAAAAAAAAAAAAAAAAAA,,Hydralazine,Drug,N/A,CIEL:77675,,
77714AAAAAAAAAAAAAAAAAAAAAAAAAAAAAAA,,Hydrocortisone,Drug,N/A,CIEL:77714,,
77725AAAAAAAAAAAAAAAAAAAAAAAAAAAAAAA,,Hydrocortisone sodium succinate,Drug,N/A,CIEL:77725,,
77897AAAAAAAAAAAAAAAAAAAAAAAAAAAAAAA,,Ibuprofen,Drug,N/A,CIEL:77897,,
77953AAAAAAAAAAAAAAAAAAAAAAAAAAAAAAA,,Imipramine,Drug,N/A,CIEL:77953,,
78068AAAAAAAAAAAAAAAAAAAAAAAAAAAAAAA,,"Insulin, isophane, human",Drug,N/A,CIEL:78068,,
78200AAAAAAAAAAAAAAAAAAAAAAAAAAAAAAA,,Ipratropium bromide,Drug,N/A,CIEL:78200,,
78230AAAAAAAAAAAAAAAAAAAAAAAAAAAAAAA,,Iron-dextran complex,Drug,N/A,CIEL:78230,,
78305AAAAAAAAAAAAAAAAAAAAAAAAAAAAAAA,,Isosorbide dinitrate,Drug,N/A,CIEL:78305,,
78476AAAAAAAAAAAAAAAAAAAAAAAAAAAAAAA,,Ketoconazole,Drug,N/A,CIEL:78476,,
78599AAAAAAAAAAAAAAAAAAAAAAAAAAAAAAA,,Labetalol,Drug,N/A,CIEL:78599,,
78617AAAAAAAAAAAAAAAAAAAAAAAAAAAAAAA,,Ringer's lactate,Drug,N/A,CIEL:78617,,
78632AAAAAAAAAAAAAAAAAAAAAAAAAAAAAAA,,Lactulose,Drug,N/A,CIEL:78632,,
78809AAAAAAAAAAAAAAAAAAAAAAAAAAAAAAA,,Levothyroxine sodium,Drug,N/A,CIEL:78809,,
78849AAAAAAAAAAAAAAAAAAAAAAAAAAAAAAA,,Lidocaine,Drug,N/A,CIEL:78849,,
78945AAAAAAAAAAAAAAAAAAAAAAAAAAAAAAA,,Lisinopril,Drug,N/A,CIEL:78945,,
78994AAAAAAAAAAAAAAAAAAAAAAAAAAAAAAA,,Lodoxamide,Drug,N/A,CIEL:78994,,
79054AAAAAAAAAAAAAAAAAAAAAAAAAAAAAAA,,Lorazepam,Drug,N/A,CIEL:79054,,
79074AAAAAAAAAAAAAAAAAAAAAAAAAAAAAAA,,Losartan,Drug,N/A,CIEL:79074,,
79247AAAAAAAAAAAAAAAAAAAAAAAAAAAAAAA,,Magnesium sulfate,Drug,N/A,CIEL:79247,,
79250AAAAAAAAAAAAAAAAAAAAAAAAAAAAAAA,,Magnesium trisilicate,Drug,N/A,CIEL:79250,,
79303AAAAAAAAAAAAAAAAAAAAAAAAAAAAAAA,,Mannitol,Drug,N/A,CIEL:79303,,
79413AAAAAAAAAAAAAAAAAAAAAAAAAAAAAAA,,Mebendazole,Drug,N/A,CIEL:79413,,
79414AAAAAAAAAAAAAAAAAAAAAAAAAAAAAAA,,Mebeverine,Drug,N/A,CIEL:79414,,
79501AAAAAAAAAAAAAAAAAAAAAAAAAAAAAAA,,Mefenamic acid,Drug,N/A,CIEL:79501,,
79574AAAAAAAAAAAAAAAAAAAAAAAAAAAAAAA,,Meperidine,Drug,N/A,CIEL:79574,,
79651AAAAAAAAAAAAAAAAAAAAAAAAAAAAAAA,,Metformin,Drug,N/A,CIEL:79651,,
79720AAAAAAAAAAAAAAAAAAAAAAAAAAAAAAA,,Methylcellulose,Drug,N/A,CIEL:79720,,
79723AAAAAAAAAAAAAAAAAAAAAAAAAAAAAAA,,Methyldopa,Drug,N/A,CIEL:79723,,
79755AAAAAAAAAAAAAAAAAAAAAAAAAAAAAAA,,Metoclopramide,Drug,N/A,CIEL:79755,,
79767AAAAAAAAAAAAAAAAAAAAAAAAAAAAAAA,,Metoprolol tartrate,Drug,N/A,CIEL:79767,,
79782AAAAAAAAAAAAAAAAAAAAAAAAAAAAAAA,,Metronidazole,Drug,N/A,CIEL:79782,,
79831AAAAAAAAAAAAAAAAAAAAAAAAAAAAAAA,,Miconazole,Drug,N/A,CIEL:79831,,
79853AAAAAAAAAAAAAAAAAAAAAAAAAAAAAAA,,Midazolam,Drug,N/A,CIEL:79853,,
80106AAAAAAAAAAAAAAAAAAAAAAAAAAAAAAA,,Morphine,Drug,N/A,CIEL:80106,,
80109AAAAAAAAAAAAAAAAAAAAAAAAAAAAAAA,,Morphine sulfate,Drug,N/A,CIEL:80109,,
80367AAAAAAAAAAAAAAAAAAAAAAAAAAAAAAA,,Naloxone,Drug,N/A,CIEL:80367,,
80514AAAAAAAAAAAAAAAAAAAAAAAAAAAAAAA,,Neomycin,Drug,N/A,CIEL:80514,,
80532AAAAAAAAAAAAAAAAAAAAAAAAAAAAAAA,,Neostigmine,Drug,N/A,CIEL:80532,,
80637AAAAAAAAAAAAAAAAAAAAAAAAAAAAAAA,,Nifedipine,Drug,N/A,CIEL:80637,,
80696AAAAAAAAAAAAAAAAAAAAAAAAAAAAAAA,,Nitrofurantoin,Drug,N/A,CIEL:80696,,
80704AAAAAAAAAAAAAAAAAAAAAAAAAAAAAAA,,Nitroglycerin,Drug,N/A,CIEL:80704,,
80945AAAAAAAAAAAAAAAAAAAAAAAAAAAAAAA,,Nystatin,Drug,N/A,CIEL:80945,,
81041AAAAAAAAAAAAAAAAAAAAAAAAAAAAAAA,,Omeprazole,Drug,N/A,CIEL:81041,,
81369AAAAAAAAAAAAAAAAAAAAAAAAAAAAAAA,,Oxytocin,Drug,N/A,CIEL:81369,,
81568AAAAAAAAAAAAAAAAAAAAAAAAAAAAAAA,,Paraffin,Drug,N/A,CIEL:81568,,
81725AAAAAAAAAAAAAAAAAAAAAAAAAAAAAAA,,Penicillin G,Drug,N/A,CIEL:81725,,
81729AAAAAAAAAAAAAAAAAAAAAAAAAAAAAAA,,"Penicillin G, procaine",Drug,N/A,CIEL:81729,,
81730AAAAAAAAAAAAAAAAAAAAAAAAAAAAAAA,,Penicillin V,Drug,N/A,CIEL:81730,,
81951AAAAAAAAAAAAAAAAAAAAAAAAAAAAAAA,,Phenobarbital,Drug,N/A,CIEL:81951,,
82024AAAAAAAAAAAAAAAAAAAAAAAAAAAAAAA,,Phenytoin sodium,Drug,N/A,CIEL:82024,,
82082AAAAAAAAAAAAAAAAAAAAAAAAAAAAAAA,,Pilocarpine,Drug,N/A,CIEL:82082,,
82111AAAAAAAAAAAAAAAAAAAAAAAAAAAAAAA,,Pioglitazone,Drug,N/A,CIEL:82111,,
82147AAAAAAAAAAAAAAAAAAAAAAAAAAAAAAA,,Piracetam,Drug,N/A,CIEL:82147,,
82350AAAAAAAAAAAAAAAAAAAAAAAAAAAAAAA,,Potassium chloride,Drug,N/A,CIEL:82350,,
82353AAAAAAAAAAAAAAAAAAAAAAAAAAAAAAA,,Potassium citrate,Drug,N/A,CIEL:82353,,
82384AAAAAAAAAAAAAAAAAAAAAAAAAAAAAAA,,Povidone-iodine,Drug,N/A,CIEL:82384,,
82416AAAAAAAAAAAAAAAAAAAAAAAAAAAAAAA,,Praziquantel,Drug,N/A,CIEL:82416,,
82446AAAAAAAAAAAAAAAAAAAAAAAAAAAAAAA,,Prednisolone,Drug,N/A,CIEL:82446,,
82534AAAAAAAAAAAAAAAAAAAAAAAAAAAAAAA,,Primidone,Drug,N/A,CIEL:82534,,
82667AAAAAAAAAAAAAAAAAAAAAAAAAAAAAAA,,Promethazine,Drug,N/A,CIEL:82667,,
82670AAAAAAAAAAAAAAAAAAAAAAAAAAAAAAA,,Promethazine hydrochloride,Drug,N/A,CIEL:82670,,
82732AAAAAAAAAAAAAAAAAAAAAAAAAAAAAAA,,Propranolol,Drug,N/A,CIEL:82732,,
83023AAAAAAAAAAAAAAAAAAAAAAAAAAAAAAA,,Quinine,Drug,N/A,CIEL:83023,,
83067AAAAAAAAAAAAAAAAAAAAAAAAAAAAAAA,,Ramipril,Drug,N/A,CIEL:83067,,
83075AAAAAAAAAAAAAAAAAAAAAAAAAAAAAAA,,Ranitidine,Drug,N/A,CIEL:83075,,
83322AAAAAAAAAAAAAAAAAAAAAAAAAAAAAAA,,Rho(d) immune globulin,Drug,N/A,CIEL:83322,,
83645AAAAAAAAAAAAAAAAAAAAAAAAAAAAAAA,,Salicylic acid,Drug,N/A,CIEL:83645,,
83751AAAAAAAAAAAAAAAAAAAAAAAAAAAAAAA,,Secnidazole,Drug,N/A,CIEL:83751,,
83774AAAAAAAAAAAAAAAAAAAAAAAAAAAAAAA,,Selenium disulfide,Drug,N/A,CIEL:83774,,
83920AAAAAAAAAAAAAAAAAAAAAAAAAAAAAAA,,Silver sulfadiazine,Drug,N/A,CIEL:83920,,
83936AAAAAAAAAAAAAAAAAAAAAAAAAAAAAAA,,Simvastatin,Drug,N/A,CIEL:83936,,
84041AAAAAAAAAAAAAAAAAAAAAAAAAAAAAAA,,Sodium bicarbonate,Drug,N/A,CIEL:84041,,
84047AAAAAAAAAAAAAAAAAAAAAAAAAAAAAAA,,Sodium chloride,Drug,N/A,CIEL:84047,,
84239AAAAAAAAAAAAAAAAAAAAAAAAAAAAAAA,,Spironolactone,Drug,N/A,CIEL:84239,,
84388AAAAAAAAAAAAAAAAAAAAAAAAAAAAAAA,,Succinylated gelatin,Drug,N/A,CIEL:84388,,
84877AAAAAAAAAAAAAAAAAAAAAAAAAAAAAAA,,Tetanus antitoxin,Drug,N/A,CIEL:84877,,
84878AAAAAAAAAAAAAAAAAAAAAAAAAAAAAAA,,"Tetanus immune globulin, human",Drug,N/A,CIEL:84878,,
84893AAAAAAAAAAAAAAAAAAAAAAAAAAAAAAA,,Tetracycline,Drug,N/A,CIEL:84893,,
84949AAAAAAAAAAAAAAAAAAAAAAAAAAAAAAA,,Theophylline,Drug,N/A,CIEL:84949,,
84994AAAAAAAAAAAAAAAAAAAAAAAAAAAAAAA,,Thiabendazole,Drug,N/A,CIEL:84994,,
84995AAAAAAAAAAAAAAAAAAAAAAAAAAAAAAA,,Thiamine,Drug,N/A,CIEL:84995,,
85134AAAAAAAAAAAAAAAAAAAAAAAAAAAAAAA,,Timolol maleate,Drug,N/A,CIEL:85134,,
85151AAAAAAAAAAAAAAAAAAAAAAAAAAAAAAA,,Tinidazole,Drug,N/A,CIEL:85151,,
85203AAAAAAAAAAAAAAAAAAAAAAAAAAAAAAA,,Tolbutamide,Drug,N/A,CIEL:85203,,
85286AAAAAAAAAAAAAAAAAAAAAAAAAAAAAAA,,Tranexamic acid,Drug,N/A,CIEL:85286,,
85463AAAAAAAAAAAAAAAAAAAAAAAAAAAAAAA,,Trihexyphenidyl,Drug,N/A,CIEL:85463,,
86176AAAAAAAAAAAAAAAAAAAAAAAAAAAAAAA,,Verapamil,Drug,N/A,CIEL:86176,,
86339AAAAAAAAAAAAAAAAAAAAAAAAAAAAAAA,,Vitamin A,Drug,N/A,CIEL:86339,,
86353AAAAAAAAAAAAAAAAAAAAAAAAAAAAAAA,,Vitamin K 1,Drug,N/A,CIEL:86353,,
86672AAAAAAAAAAAAAAAAAAAAAAAAAAAAAAA,,Zinc,Drug,N/A,CIEL:86672,,
103529AAAAAAAAAAAAAAAAAAAAAAAAAAAAAA,,Aluminum hydroxide / magnesium trisilicate,Drug,N/A,CIEL:103529,,
103878AAAAAAAAAAAAAAAAAAAAAAAAAAAAAA,,Benzoic acid / salicylic acid,Drug,N/A,CIEL:103878,,
103955AAAAAAAAAAAAAAAAAAAAAAAAAAAAAA,,Budesonide / formoterol,Drug,N/A,CIEL:103955,,
104053AAAAAAAAAAAAAAAAAAAAAAAAAAAAAA,,Calcium carbonate / vitamin D,Drug,N/A,CIEL:104053,,
104340AAAAAAAAAAAAAAAAAAAAAAAAAAAAAA,,Clotrimazole / hydrocortisone,Drug,N/A,CIEL:104340,,
104676AAAAAAAAAAAAAAAAAAAAAAAAAAAAAA,,Fluticasone / salmeterol,Drug,N/A,CIEL:104676,,
104833AAAAAAAAAAAAAAAAAAAAAAAAAAAAAA,,Hydrochlorothiazide / lisinopril,Drug,N/A,CIEL:104833,,
104860AAAAAAAAAAAAAAAAAAAAAAAAAAAAAA,,Hydrocortisone / miconazole,Drug,N/A,CIEL:104860,,
105281AAAAAAAAAAAAAAAAAAAAAAAAAAAAAA,,Sulfamethoxazole / trimethoprim,Drug,N/A,CIEL:105281,,
159459AAAAAAAAAAAAAAAAAAAAAAAAAAAAAA,,Insulin 70/30,Drug,N/A,CIEL:159459,,
160054AAAAAAAAAAAAAAAAAAAAAAAAAAAAAA,,Eye solution,Drug form,N/A,CIEL:160054,,
161182AAAAAAAAAAAAAAAAAAAAAAAAAAAAAA,,Amodiaquine / Artesunate,Drug,N/A,CIEL:161182,,
161184AAAAAAAAAAAAAAAAAAAAAAAAAAAAAA,,Atenolol / hydrochlorothiazide,Drug,N/A,CIEL:161184,,
161186AAAAAAAAAAAAAAAAAAAAAAAAAAAAAA,,Badoe's solution,Drug,N/A,CIEL:161186,,
162413AAAAAAAAAAAAAAAAAAAAAAAAAAAAAA,,Cream,Drug form,N/A,CIEL:162413,,
162415AAAAAAAAAAAAAAAAAAAAAAAAAAAAAA,,Disintegrating tablet,Drug form,N/A,CIEL:162415,,
162420AAAAAAAAAAAAAAAAAAAAAAAAAAAAAA,,Gel,Drug form,N/A,CIEL:162420,,
162423AAAAAAAAAAAAAAAAAAAAAAAAAAAAAA,,Inhalation form,Drug form,N/A,CIEL:162423,,
162425AAAAAAAAAAAAAAAAAAAAAAAAAAAAAA,,Inhalation solution,Drug form,N/A,CIEL:162425,,
162427AAAAAAAAAAAAAAAAAAAAAAAAAAAAAA,,Lotion,Drug form,N/A,CIEL:162427,,
162432AAAAAAAAAAAAAAAAAAAAAAAAAAAAAA,,Nasal solution,Drug form,N/A,CIEL:162432,,
162441AAAAAAAAAAAAAAAAAAAAAAAAAAAAAA,,Oral gel,Drug form,N/A,CIEL:162441,,
162445AAAAAAAAAAAAAAAAAAAAAAAAAAAAAA,,Ear solution,Drug form,N/A,CIEL:162445,,
162452AAAAAAAAAAAAAAAAAAAAAAAAAAAAAA,,Powder,Drug form,N/A,CIEL:162452,,
162458AAAAAAAAAAAAAAAAAAAAAAAAAAAAAA,,Rectal suppository,Drug form,N/A,CIEL:162458,,
162459AAAAAAAAAAAAAAAAAAAAAAAAAAAAAA,,Shampoo,Drug form,N/A,CIEL:162459,,
162461AAAAAAAAAAAAAAAAAAAAAAAAAAAAAA,,Solution,Drug form,N/A,CIEL:162461,,
162462AAAAAAAAAAAAAAAAAAAAAAAAAAAAAA,,Suspension,Drug form,N/A,CIEL:162462,,
162474AAAAAAAAAAAAAAAAAAAAAAAAAAAAAA,,Vaginal suppository,Drug form,N/A,CIEL:162474,,
162768AAAAAAAAAAAAAAAAAAAAAAAAAAAAAA,,Mucous membrane topical solution,Drug form,N/A,CIEL:162768,,
162770AAAAAAAAAAAAAAAAAAAAAAAAAAAAAA,,Oral solution,Drug form,N/A,CIEL:162770,,
162772AAAAAAAAAAAAAAAAAAAAAAAAAAAAAA,,Rectal solution,Drug form,N/A,CIEL:162772,,
162776AAAAAAAAAAAAAAAAAAAAAAAAAAAAAA,,Topical ointment,Drug form,N/A,CIEL:162776,,
162836AAAAAAAAAAAAAAAAAAAAAAAAAAAAAA,,Dihydroartemisinin / piperaquine,Drug,N/A,CIEL:162836,,
162857AAAAAAAAAAAAAAAAAAAAAAAAAAAAAA,,Dextrose 5% in normal saline,Drug,N/A,CIEL:162857,,
163287AAAAAAAAAAAAAAAAAAAAAAAAAAAAAA,,"Sterile water for injection, 1 ml ampule",Medical supply,N/A,CIEL:163287,,
